timestamp,flight_id,angle_roll_est,angle_pitch_est,angle_roll,angle_pitch,angle_yaw,gyro_rate_roll,gyro_rate_pitch,gyro_rate_yaw,acc_x,acc_y,acc_z,tau_x,tau_y,tau_z,error_phi,error_theta,input_roll,input_pitch,input_yaw,input_throttle,motor_1,motor_2,motor_3,motor_4,altura,flight_mode,device_id,roll,pitch,yaw
"2025-09-07T23:27:44.811000Z","77f5d946-13db-4fa3-b6a5-4bcc5c255130","-0.01","0.13","-0.1","0.12","0","-0.15","-0.02","0","0","0","1.01","0","0","0","0","0","0","0","0","0","0","0","0","0","0","1",,"-0.1","0.12","0"
"2025-09-07T23:27:44.827000Z","77f5d946-13db-4fa3-b6a5-4bcc5c255130","-0.01","0.14","0.07","0.19","0","-0.18","-0.05","0.03","0","0","1.01","0","0","0","0","0","0","0","0","0","0","0","0","0","0","1",,"0.07","0.19","0"
"2025-09-07T23:27:44.857000Z","77f5d946-13db-4fa3-b6a5-4bcc5c255130","-0.01","0.13","0","0.11","0","-0.26","-0.03","0.02","0","0","1.01","0","0","0","0","0","0","0","0","0","0","0","0","0","0","1",,"0","0.11","0"
"2025-09-07T23:27:44.871000Z","77f5d946-13db-4fa3-b6a5-4bcc5c255130","0","0.14","0.03","0.14","0","-0.21","-0.03","0.03","0","0","1.01","0","0","0","0","0","0","0","0","0","0","0","0","0","0","1",,"0.03","0.14","0"
"2025-09-07T23:27:44.893000Z","77f5d946-13db-4fa3-b6a5-4bcc5c255130","0","0.13","0.12","0.18","0","-0.15","-0.11","0.03","0","0","1.01","0","0","0","0","0","0","0","0","0","0","0","0","0","0","1",,"0.12","0.18","0"
"2025-09-07T23:27:44.916000Z","77f5d946-13db-4fa3-b6a5-4bcc5c255130","0.01","0.14","-0.01","0.17","0","-0.15","-0.15","0.03","0","0","1.01","0","0","0","0","0","0","0","0","0","0","0","0","0","0","1",,"-0.01","0.17","0"
"2025-09-07T23:27:44.936000Z","77f5d946-13db-4fa3-b6a5-4bcc5c255130","0.01","0.14","0.04","0.29","0","-0.14","-0.18","0.05","-0.01","0","1.01","0","0","0","0","0","0","0","0","0","0","0","0","0","0","1",,"0.04","0.29","0"
"2025-09-07T23:27:44.954000Z","77f5d946-13db-4fa3-b6a5-4bcc5c255130","0","0.14","-0.18","0.03","0","-0.15","-0.2","0.05","0","0","1.01","0","0","0","0","0","0","0","0","0","0","0","0","0","0","1",,"-0.18","0.03","0"
"2025-09-07T23:27:44.976000Z","77f5d946-13db-4fa3-b6a5-4bcc5c255130","0","0.15","0.03","0.3","0","-0.15","-0.17","0.05","-0.01","0","1.01","0","0","0","0","0","0","0","0","0","0","0","0","0","0","1",,"0.03","0.3","0"
"2025-09-07T23:27:45.000000Z","77f5d946-13db-4fa3-b6a5-4bcc5c255130","0","0.14","-0.03","0.04","0","-0.21","-0.14","0.02","0","0","1.01","0","0","0","0","0","0","0","0","0","0","0","0","0","0","1",,"-0.03","0.04","0"
"2025-09-07T23:27:45.028000Z","77f5d946-13db-4fa3-b6a5-4bcc5c255130","-0.01","0.14","-0.19","0.12","0","-0.21","-0.12","0.06","0","0","1.01","0","0","0","0","0","0","0","0","0","0","0","0","0","0","1",,"-0.19","0.12","0"
"2025-09-07T23:27:45.048000Z","77f5d946-13db-4fa3-b6a5-4bcc5c255130","-0.01","0.14","0.07","0.21","0","-0.21","-0.06","0.05","0","0","1.01","0","0","0","0","0","0","0","0","0","0","0","0","0","0","1",,"0.07","0.21","0"
"2025-09-07T23:27:45.072000Z","77f5d946-13db-4fa3-b6a5-4bcc5c255130","-0.01","0.15","0.1","0.21","0","-0.21","-0.08","0.02","0","0","1.01","0","0","0","0","0","0","0","0","0","0","0","0","0","0","1",,"0.1","0.21","0"
"2025-09-07T23:27:45.090000Z","77f5d946-13db-4fa3-b6a5-4bcc5c255130","0","0.16","0","0.29","0","-0.2","-0.11","0","-0.01","0","1.01","0","0","0","0","0","0","0","0","0","0","0","0","0","0","1",,"0","0.29","0"
"2025-09-07T23:27:45.109000Z","77f5d946-13db-4fa3-b6a5-4bcc5c255130","0.01","0.16","0.15","0.19","0","-0.21","-0.08","0.02","0","0","1.01","0","0","0","0","0","0","0","0","0","0","0","0","0","0","1",,"0.15","0.19","0"
"2025-09-07T23:27:45.134000Z","77f5d946-13db-4fa3-b6a5-4bcc5c255130","0","0.16","-0.1","0.15","0","-0.14","-0.09","0.03","0","0","1.01","0","0","0","0","0","0","0","0","0","0","0","0","0","0","1",,"-0.1","0.15","0"
"2025-09-07T23:27:45.161000Z","77f5d946-13db-4fa3-b6a5-4bcc5c255130","0.01","0.16","-0.04","0.19","0","-0.14","-0.18","0.05","0","0","1.01","0","0","0","0","0","0","0","0","0","0","0","0","0","0","1",,"-0.04","0.19","0"
"2025-09-07T23:27:45.178000Z","77f5d946-13db-4fa3-b6a5-4bcc5c255130","0","0.16","0.06","0.22","0","-0.06","-0.14","0.02","0","0","1.01","0","0","0","0","0","0","0","0","0","0","0","0","0","0","1",,"0.06","0.22","0"
"2025-09-07T23:27:45.198000Z","77f5d946-13db-4fa3-b6a5-4bcc5c255130","0","0.17","-0.18","0.11","0","-0.15","-0.17","0.05","0","0","1.01","0","0","0","0","0","0","0","0","0","0","0","0","0","0","1",,"-0.18","0.11","0"
"2025-09-07T23:27:45.222000Z","77f5d946-13db-4fa3-b6a5-4bcc5c255130","-0.01","0.16","0.03","0.19","0","-0.12","-0.11","0.03","0","0","1.01","0","0","0","0","0","0","0","0","0","0","0","0","0","0","1",,"0.03","0.19","0"
"2025-09-07T23:27:45.246000Z","77f5d946-13db-4fa3-b6a5-4bcc5c255130","-0.01","0.16","0.01","0.08","0","-0.18","-0.12","-0.06","0","0","1.01","0","0","0","0","0","0","0","0","0","0","0","0","0","0","1",,"0.01","0.08","0"
"2025-09-07T23:27:45.279000Z","77f5d946-13db-4fa3-b6a5-4bcc5c255130","-0.01","0.16","-0.01","0.19","0","-0.14","-0.09","0.03","0","0","1.01","0","0","0","0","0","0","0","0","0","0","0","0","0","0","1",,"-0.01","0.19","0"
"2025-09-07T23:27:45.286000Z","77f5d946-13db-4fa3-b6a5-4bcc5c255130","-0.01","0.15","0.11","0.11","0","-0.21","-0.05","0.03","0","0","1.01","0","0","0","0","0","0","0","0","0","0","0","0","0","0","1",,"0.11","0.11","0"
"2025-09-07T23:27:45.307000Z","77f5d946-13db-4fa3-b6a5-4bcc5c255130","-0.01","0.16","-0.11","0.19","0","-0.18","-0.09","0.05","0","0","1.01","0","0","0","0","0","0","0","0","0","0","0","0","0","0","1",,"-0.11","0.19","0"
"2025-09-07T23:27:45.340000Z","77f5d946-13db-4fa3-b6a5-4bcc5c255130","-0.01","0.16","0.18","0.32","0","-0.17","-0.09","0.05","-0.01","0","1.01","0","0","0","0","0","0","0","0","0","0","0","0","0","0","1",,"0.18","0.32","0"
"2025-09-07T23:27:45.359000Z","77f5d946-13db-4fa3-b6a5-4bcc5c255130","0","0.17","0.1","0.12","0","-0.17","-0.2","0.05","0","0","1.01","0","0","0","0","0","0","0","0","0","0","0","0","0","0","1",,"0.1","0.12","0"
"2025-09-07T23:27:45.382000Z","77f5d946-13db-4fa3-b6a5-4bcc5c255130","0","0.17","-0.04","0.28","0","-0.14","-0.14","0.05","0","0","1.01","0","0","0","0","0","0","0","0","0","0","0","0","0","0","1",,"-0.04","0.28","0"
"2025-09-07T23:27:45.401000Z","77f5d946-13db-4fa3-b6a5-4bcc5c255130","0.01","0.17","0.15","0.11","0","-0.14","-0.15","0.03","0","0","1.01","0","0","0","0","0","0","0","0","0","0","0","0","0","0","1",,"0.15","0.11","0"
"2025-09-07T23:27:45.425000Z","77f5d946-13db-4fa3-b6a5-4bcc5c255130","0.01","0.17","-0.08","0.06","0","-0.14","-0.14","0.06","0","0","1.01","0","0","0","0","0","0","0","0","0","0","0","0","0","0","1",,"-0.08","0.06","0"
"2025-09-07T23:27:45.443000Z","77f5d946-13db-4fa3-b6a5-4bcc5c255130","0.01","0.16","-0.06","0.17","0","-0.21","-0.15","0.06","0","0","1.01","0","0","0","0","0","0","0","0","0","0","0","0","0","0","1",,"-0.06","0.17","0"
"2025-09-07T23:27:45.465000Z","77f5d946-13db-4fa3-b6a5-4bcc5c255130","0","0.16","-0.01","0.19","0","-0.18","-0.11","0.03","0","0","1.01","0","0","0","0","0","0","0","0","0","0","0","0","0","0","1",,"-0.01","0.19","0"
"2025-09-07T23:27:45.495000Z","77f5d946-13db-4fa3-b6a5-4bcc5c255130","-0.01","0.16","-0.15","0.14","0","-0.2","-0.09","0.03","0","0","1.01","0","0","0","0","0","0","0","0","0","0","0","0","0","0","1",,"-0.15","0.14","0"
"2025-09-07T23:27:45.511000Z","77f5d946-13db-4fa3-b6a5-4bcc5c255130","0","0.17","0.08","0.19","0","-0.18","-0.08","0.08","0","0","1.01","0","0","0","0","0","0","0","0","0","0","0","0","0","0","1",,"0.08","0.19","0"
"2025-09-07T23:27:45.530000Z","77f5d946-13db-4fa3-b6a5-4bcc5c255130","0","0.17","0.07","0.12","0","-0.15","-0.03","0.05","0","0","1.01","0","0","0","0","0","0","0","0","0","0","0","0","0","0","1",,"0.07","0.12","0"
"2025-09-07T23:27:45.552000Z","77f5d946-13db-4fa3-b6a5-4bcc5c255130","0","0.17","-0.04","0.21","0","-0.12","-0.08","0.05","0","0","1.01","0","0","0","0","0","0","0","0","0","0","0","0","0","0","1",,"-0.04","0.21","0"
"2025-09-07T23:27:45.583000Z","77f5d946-13db-4fa3-b6a5-4bcc5c255130","0","0.18","0.11","0.3","0","-0.12","-0.11","0.03","-0.01","0","1.01","0","0","0","0","0","0","0","0","0","0","0","0","0","0","1",,"0.11","0.3","0"
"2025-09-07T23:27:45.595000Z","77f5d946-13db-4fa3-b6a5-4bcc5c255130","0","0.18","-0.06","0.15","0","-0.14","-0.12","0.05","0","0","1.01","0","0","0","0","0","0","0","0","0","0","0","0","0","0","1",,"-0.06","0.15","0"
"2025-09-07T23:27:45.616000Z","77f5d946-13db-4fa3-b6a5-4bcc5c255130","0.01","0.18","0.03","0.21","0","-0.11","-0.14","0.06","0","0","1.01","0","0","0","0","0","0","0","0","0","0","0","0","0","0","1",,"0.03","0.21","0"
"2025-09-07T23:27:45.639000Z","77f5d946-13db-4fa3-b6a5-4bcc5c255130","0.01","0.18","-0.03","0.07","0","-0.2","-0.14","0.05","0","0","1.01","0","0","0","0","0","0","0","0","0","0","0","0","0","0","1",,"-0.03","0.07","0"
"2025-09-07T23:27:45.662000Z","77f5d946-13db-4fa3-b6a5-4bcc5c255130","0.01","0.17","-0.07","0.15","0","-0.17","-0.17","0.08","0","0","1.01","0","0","0","0","0","0","0","0","0","0","0","0","0","0","1",,"-0.07","0.15","0"
"2025-09-07T23:27:45.698000Z","77f5d946-13db-4fa3-b6a5-4bcc5c255130","0.01","0.16","0.03","0.08","0","-0.18","-0.18","0","0","0","1.01","0","0","0","0","0","0","0","0","0","0","0","0","0","0","1",,"0.03","0.08","0"
"2025-09-07T23:27:45.702000Z","77f5d946-13db-4fa3-b6a5-4bcc5c255130","0","0.16","0","0.1","0","-0.18","-0.09","0.03","0","0","1.01","0","0","0","0","0","0","0","0","0","0","0","0","0","0","1",,"0","0.1","0"
"2025-09-07T23:27:45.727000Z","77f5d946-13db-4fa3-b6a5-4bcc5c255130","0.01","0.15","-0.07","0.08","0","-0.2","-0.09","0.03","0","0","1.01","0","0","0","0","0","0","0","0","0","0","0","0","0","0","1",,"-0.07","0.08","0"
"2025-09-07T23:27:45.749000Z","77f5d946-13db-4fa3-b6a5-4bcc5c255130","0","0.16","0.01","0.19","0","-0.21","-0.08","0.05","0","0","1.01","0","0","0","0","0","0","0","0","0","0","0","0","0","0","1",,"0.01","0.19","0"
"2025-09-07T23:27:45.770000Z","77f5d946-13db-4fa3-b6a5-4bcc5c255130","0","0.16","-0.03","0.25","0","-0.18","-0.09","0","0","0","1.01","0","0","0","0","0","0","0","0","0","0","0","0","0","0","1",,"-0.03","0.25","0"
"2025-09-07T23:27:45.792000Z","77f5d946-13db-4fa3-b6a5-4bcc5c255130","0","0.16","-0.04","0.1","0","-0.17","-0.08","0.06","0","0","1.01","0","0","0","0","0","0","0","0","0","0","0","0","0","0","1",,"-0.04","0.1","0"
"2025-09-07T23:27:45.816000Z","77f5d946-13db-4fa3-b6a5-4bcc5c255130","0.01","0.16","0.1","0.31","0","-0.14","-0.17","0.06","-0.01","0","1.01","0","0","0","0","0","0","0","0","0","0","0","0","0","0","1",,"0.1","0.31","0"
"2025-09-07T23:27:45.837000Z","77f5d946-13db-4fa3-b6a5-4bcc5c255130","0.01","0.16","-0.03","0","0","-0.17","-0.14","0.05","0","0","1.01","0","0","0","0","0","0","0","0","0","0","0","0","0","0","1",,"-0.03","0","0"
"2025-09-07T23:27:45.862000Z","77f5d946-13db-4fa3-b6a5-4bcc5c255130","0.01","0.16","0.06","0.18","0","-0.12","-0.15","0.06","0","0","1.01","0","0","0","0","0","0","0","0","0","0","0","0","0","0","1",,"0.06","0.18","0"
"2025-09-07T23:27:45.880000Z","77f5d946-13db-4fa3-b6a5-4bcc5c255130","0.01","0.15","-0.01","0","0","-0.17","-0.15","0.02","0","0","1.01","0","0","0","0","0","0","0","0","0","0","0","0","0","0","1",,"-0.01","0","0"
"2025-09-07T23:27:45.903000Z","77f5d946-13db-4fa3-b6a5-4bcc5c255130","0.01","0.14","0","0.12","0","-0.08","-0.17","0.03","0","0","1.01","0","0","0","0","0","0","0","0","0","0","0","0","0","0","1",,"0","0.12","0"
"2025-09-07T23:27:45.921000Z","77f5d946-13db-4fa3-b6a5-4bcc5c255130","0.01","0.13","0","-0.01","0","-0.18","-0.08","0","0","0","1.01","0","0","0","0","0","0","0","0","0","0","0","0","0","0","1",,"0","-0.01","0"
"2025-09-07T23:27:45.940000Z","77f5d946-13db-4fa3-b6a5-4bcc5c255130","0","0.13","-0.11","0.21","0","-0.14","-0.11","0.06","0","0","1.01","0","0","0","0","0","0","0","0","0","0","0","0","0","0","1",,"-0.11","0.21","0"
"2025-09-07T23:27:45.966000Z","77f5d946-13db-4fa3-b6a5-4bcc5c255130","0","0.14","0.06","0.21","0","-0.18","-0.05","0.02","0","0","1.01","0","0","0","0","0","0","0","0","0","0","0","0","0","0","1",,"0.06","0.21","0"
"2025-09-07T23:27:45.995000Z","77f5d946-13db-4fa3-b6a5-4bcc5c255130","0","0.14","-0.07","0.22","0","-0.15","-0.08","0.06","0","0","1.01","0","0","0","0","0","0","0","0","0","0","0","0","0","0","1",,"-0.07","0.22","0"
"2025-09-07T23:27:46.010000Z","77f5d946-13db-4fa3-b6a5-4bcc5c255130","0","0.15","-0.07","0.21","0","-0.18","-0.12","0","0","0","1.01","0","0","0","0","0","0","0","0","0","0","0","0","0","0","1",,"-0.07","0.21","0"
"2025-09-07T23:27:46.025000Z","77f5d946-13db-4fa3-b6a5-4bcc5c255130","0","0.15","0.1","0.21","0","-0.12","-0.12","-0.02","0","0","1.01","0","0","0","0","0","0","0","0","0","0","0","0","0","0","1",,"0.1","0.21","0"
"2025-09-07T23:27:46.046000Z","77f5d946-13db-4fa3-b6a5-4bcc5c255130","0","0.15","-0.01","0.12","0","-0.14","-0.12","0","0","0","1.01","0","0","0","0","0","0","0","0","0","0","0","0","0","0","1",,"-0.01","0.12","0"
"2025-09-07T23:27:46.071000Z","77f5d946-13db-4fa3-b6a5-4bcc5c255130","0.01","0.15","0","0.14","0","-0.15","-0.17","0.06","0","0","1.01","0","0","0","0","0","0","0","0","0","0","0","0","0","0","1",,"0","0.14","0"
"2025-09-07T23:27:46.095000Z","77f5d946-13db-4fa3-b6a5-4bcc5c255130","0.01","0.15","0.04","0.25","0","-0.14","-0.15","0.03","0","0","1.01","0","0","0","0","0","0","0","0","0","0","0","0","0","0","1",,"0.04","0.25","0"
"2025-09-07T23:27:46.122000Z","77f5d946-13db-4fa3-b6a5-4bcc5c255130","0","0.15","-0.17","0.04","0","-0.2","-0.12","0.03","0","0","1.01","0","0","0","0","0","0","0","0","0","0","0","0","0","0","1",,"-0.17","0.04","0"
"2025-09-07T23:27:46.135000Z","77f5d946-13db-4fa3-b6a5-4bcc5c255130","0","0.15","0.01","0.21","0","-0.18","-0.11","0.05","0","0","1.01","0","0","0","0","0","0","0","0","0","0","0","0","0","0","1",,"0.01","0.21","0"
"2025-09-07T23:27:46.160000Z","77f5d946-13db-4fa3-b6a5-4bcc5c255130","-0.01","0.14","-0.11","-0.07","0","-0.21","-0.14","0","0","0","1.01","0","0","0","0","0","0","0","0","0","0","0","0","0","0","1",,"-0.11","-0.07","0"
"2025-09-07T23:27:46.177000Z","77f5d946-13db-4fa3-b6a5-4bcc5c255130","-0.01","0.14","0.03","0.26","0","-0.2","-0.12","0.08","0","0","1.01","0","0","0","0","0","0","0","0","0","0","0","0","0","0","1",,"0.03","0.26","0"
"2025-09-07T23:27:46.203000Z","77f5d946-13db-4fa3-b6a5-4bcc5c255130","0","0.14","0.17","0.15","0","-0.17","-0.06","0.02","0","0","1.01","0","0","0","0","0","0","0","0","0","0","0","0","0","0","1",,"0.17","0.15","0"
"2025-09-07T23:27:46.224000Z","77f5d946-13db-4fa3-b6a5-4bcc5c255130","0","0.15","-0.04","0.14","0","-0.17","-0.06","0.05","0","0","1.01","0","0","0","0","0","0","0","0","0","0","0","0","0","0","1",,"-0.04","0.14","0"
"2025-09-07T23:27:46.248000Z","77f5d946-13db-4fa3-b6a5-4bcc5c255130","0","0.15","-0.06","0.28","0","-0.14","-0.09","0.09","0","0","1.01","0","0","0","0","0","0","0","0","0","0","0","0","0","0","1",,"-0.06","0.28","0"
"2025-09-07T23:27:46.275000Z","77f5d946-13db-4fa3-b6a5-4bcc5c255130","-0.01","0.15","-0.06","0.11","0","-0.17","-0.14","0.03","0","0","1.01","0","0","0","0","0","0","0","0","0","0","0","0","0","0","1",,"-0.06","0.11","0"
"2025-09-07T23:27:46.295000Z","77f5d946-13db-4fa3-b6a5-4bcc5c255130","-0.01","0.15","-0.15","0.22","0","-0.17","-0.14","0.05","0","0","1.01","0","0","0","0","0","0","0","0","0","0","0","0","0","0","1",,"-0.15","0.22","0"
"2025-09-07T23:27:46.319000Z","77f5d946-13db-4fa3-b6a5-4bcc5c255130","-0.01","0.15","0.06","0.18","0","-0.17","-0.15","0.06","0","0","1.01","0","0","0","0","0","0","0","0","0","0","0","0","0","0","1",,"0.06","0.18","0"
"2025-09-07T23:27:46.344000Z","77f5d946-13db-4fa3-b6a5-4bcc5c255130","-0.02","0.16","0.03","0.21","0","-0.21","-0.12","0.05","0","0","1.01","0","0","0","0","0","0","0","0","0","0","0","0","0","0","1",,"0.03","0.21","0"
"2025-09-07T23:27:46.364000Z","77f5d946-13db-4fa3-b6a5-4bcc5c255130","-0.02","0.15","-0.14","0.08","0","-0.2","-0.14","0.03","0","0","1.01","0","0","0","0","0","0","0","0","0","0","0","0","0","0","1",,"-0.14","0.08","0"
"2025-09-07T23:27:46.382000Z","77f5d946-13db-4fa3-b6a5-4bcc5c255130","-0.02","0.15","0.03","0.15","0","-0.17","-0.11","0.05","0","0","1.01","0","0","0","0","0","0","0","0","0","0","0","0","0","0","1",,"0.03","0.15","0"
"2025-09-07T23:27:46.411000Z","77f5d946-13db-4fa3-b6a5-4bcc5c255130","-0.03","0.15","-0.12","0.08","0","-0.24","-0.08","-0.02","0","0","1.01","0","0","0","0","0","0","0","0","0","0","0","0","0","0","1",,"-0.12","0.08","0"
"2025-09-07T23:27:46.428000Z","77f5d946-13db-4fa3-b6a5-4bcc5c255130","-0.02","0.15","0.06","0.22","0","-0.18","-0.06","0.05","0","0","1.01","0","0","0","0","0","0","0","0","0","0","0","0","0","0","1",,"0.06","0.22","0"
"2025-09-07T23:27:46.450000Z","77f5d946-13db-4fa3-b6a5-4bcc5c255130","-0.03","0.15","0.07","0.15","0","-0.12","-0.09","0.03","0","0","1.01","0","0","0","0","0","0","0","0","0","0","0","0","0","0","1",,"0.07","0.15","0"
"2025-09-07T23:27:46.468000Z","77f5d946-13db-4fa3-b6a5-4bcc5c255130","-0.02","0.15","-0.04","0.18","0","-0.09","-0.11","0.03","0","0","1.01","0","0","0","0","0","0","0","0","0","0","0","0","0","0","1",,"-0.04","0.18","0"
"2025-09-07T23:27:46.489000Z","77f5d946-13db-4fa3-b6a5-4bcc5c255130","-0.01","0.15","0.1","0.24","0","-0.09","-0.12","0.03","0","0","1.01","0","0","0","0","0","0","0","0","0","0","0","0","0","0","1",,"0.1","0.24","0"
"2025-09-07T23:27:46.511000Z","77f5d946-13db-4fa3-b6a5-4bcc5c255130","-0.02","0.15","-0.14","0.06","0","-0.14","-0.12","0.03","0","0","1.01","0","0","0","0","0","0","0","0","0","0","0","0","0","0","1",,"-0.14","0.06","0"
"2025-09-07T23:27:46.535000Z","77f5d946-13db-4fa3-b6a5-4bcc5c255130","-0.02","0.15","-0.1","0.19","0","-0.11","-0.15","0.06","0","0","1.01","0","0","0","0","0","0","0","0","0","0","0","0","0","0","1",,"-0.1","0.19","0"
"2025-09-07T23:27:46.555000Z","77f5d946-13db-4fa3-b6a5-4bcc5c255130","-0.03","0.14","-0.01","0.12","0","-0.17","-0.12","0.05","0","0","1.01","0","0","0","0","0","0","0","0","0","0","0","0","0","0","1",,"-0.01","0.12","0"
"2025-09-07T23:27:46.587000Z","77f5d946-13db-4fa3-b6a5-4bcc5c255130","-0.03","0.15","-0.12","0.14","0","-0.14","-0.15","0.06","0","0","1.01","0","0","0","0","0","0","0","0","0","0","0","0","0","0","1",,"-0.12","0.14","0"
"2025-09-07T23:27:46.607000Z","77f5d946-13db-4fa3-b6a5-4bcc5c255130","-0.03","0.14","0.07","0.06","0","-0.18","-0.14","0.05","0","0","1.01","0","0","0","0","0","0","0","0","0","0","0","0","0","0","1",,"0.07","0.06","0"
"2025-09-07T23:27:46.622000Z","77f5d946-13db-4fa3-b6a5-4bcc5c255130","-0.03","0.13","-0.01","0.04","0","-0.2","-0.14","0.06","0","0","1.01","0","0","0","0","0","0","0","0","0","0","0","0","0","0","1",,"-0.01","0.04","0"
"2025-09-07T23:27:46.659000Z","77f5d946-13db-4fa3-b6a5-4bcc5c255130","-0.02","0.13","0.01","0.17","0","-0.23","-0.09","0.03","0","0","1.01","0","0","0","0","0","0","0","0","0","0","0","0","0","0","1",,"0.01","0.17","0"
"2025-09-07T23:27:46.662000Z","77f5d946-13db-4fa3-b6a5-4bcc5c255130","-0.02","0.14","0.1","0.19","0","-0.2","-0.09","0.03","0","0","1.01","0","0","0","0","0","0","0","0","0","0","0","0","0","0","1",,"0.1","0.19","0"
"2025-09-07T23:27:46.695000Z","77f5d946-13db-4fa3-b6a5-4bcc5c255130","-0.02","0.14","0","0.24","0","-0.18","-0.09","0","0","0","1.01","0","0","0","0","0","0","0","0","0","0","0","0","0","0","1",,"0","0.24","0"
"2025-09-07T23:27:46.715000Z","77f5d946-13db-4fa3-b6a5-4bcc5c255130","-0.01","0.14","0.08","0.04","0","-0.15","-0.11","0.08","0","0","1.01","0","0","0","0","0","0","0","0","0","0","0","0","0","0","1",,"0.08","0.04","0"
"2025-09-07T23:27:46.728000Z","77f5d946-13db-4fa3-b6a5-4bcc5c255130","-0.01","0.14","0","0.24","0","-0.15","-0.12","0.03","0","0","1.01","0","0","0","0","0","0","0","0","0","0","0","0","0","0","1",,"0","0.24","0"
"2025-09-07T23:27:46.747000Z","77f5d946-13db-4fa3-b6a5-4bcc5c255130","-0.01","0.14","-0.03","0.04","0","-0.17","-0.15","0.03","0","0","1.01","0","0","0","0","0","0","0","0","0","0","0","0","0","0","1",,"-0.03","0.04","0"
"2025-09-07T23:27:46.773000Z","77f5d946-13db-4fa3-b6a5-4bcc5c255130","-0.01","0.13","0.08","0.18","0","-0.14","-0.12","0","0","0","1.01","0","0","0","0","0","0","0","0","0","0","0","0","0","0","1",,"0.08","0.18","0"
"2025-09-07T23:27:46.797000Z","77f5d946-13db-4fa3-b6a5-4bcc5c255130","-0.02","0.13","-0.18","0.08","0","-0.21","-0.08","0.02","0","0","1.01","0","0","0","0","0","0","0","0","0","0","0","0","0","0","1",,"-0.18","0.08","0"
"2025-09-07T23:27:46.817000Z","77f5d946-13db-4fa3-b6a5-4bcc5c255130","-0.02","0.13","-0.01","0.19","0","-0.17","-0.06","0.08","0","0","1.01","0","0","0","0","0","0","0","0","0","0","0","0","0","0","1",,"-0.01","0.19","0"
"2025-09-07T23:27:46.836000Z","77f5d946-13db-4fa3-b6a5-4bcc5c255130","-0.03","0.13","-0.04","0.08","0","-0.2","-0.09","0.02","0","0","1.01","0","0","0","0","0","0","0","0","0","0","0","0","0","0","1",,"-0.04","0.08","0"
"2025-09-07T23:27:46.859000Z","77f5d946-13db-4fa3-b6a5-4bcc5c255130","-0.03","0.14","-0.11","0.19","0","-0.2","-0.09","0.05","0","0","1.01","0","0","0","0","0","0","0","0","0","0","0","0","0","0","1",,"-0.11","0.19","0"
"2025-09-07T23:27:46.877000Z","77f5d946-13db-4fa3-b6a5-4bcc5c255130","-0.03","0.14","0.03","0.19","0","-0.23","-0.08","0.05","0","0","1.01","0","0","0","0","0","0","0","0","0","0","0","0","0","0","1",,"0.03","0.19","0"
"2025-09-07T23:27:46.904000Z","77f5d946-13db-4fa3-b6a5-4bcc5c255130","-0.03","0.14","-0.03","0.25","0","-0.15","-0.12","0","0","0","1.01","0","0","0","0","0","0","0","0","0","0","0","0","0","0","1",,"-0.03","0.25","0"
"2025-09-07T23:27:46.921000Z","77f5d946-13db-4fa3-b6a5-4bcc5c255130","-0.02","0.15","0","0.1","0","-0.14","-0.09","0.05","0","0","1.01","0","0","0","0","0","0","0","0","0","0","0","0","0","0","1",,"0","0.1","0"
"2025-09-07T23:27:46.966000Z","77f5d946-13db-4fa3-b6a5-4bcc5c255130","-0.02","0.15","0.07","0.19","0","-0.17","-0.11","0.03","0","0","1.01","0","0","0","0","0","0","0","0","0","0","0","0","0","0","1",,"0.07","0.19","0"
"2025-09-07T23:27:46.967000Z","77f5d946-13db-4fa3-b6a5-4bcc5c255130","-0.02","0.14","-0.11","0.04","0","-0.15","-0.09","0.05","0","0","1.01","0","0","0","0","0","0","0","0","0","0","0","0","0","0","1",,"-0.11","0.04","0"
"2025-09-07T23:27:46.983000Z","77f5d946-13db-4fa3-b6a5-4bcc5c255130","-0.02","0.14","0.01","0.15","0","-0.17","-0.14","0.05","0","0","1.01","0","0","0","0","0","0","0","0","0","0","0","0","0","0","1",,"0.01","0.15","0"
"2025-09-07T23:27:47.010000Z","77f5d946-13db-4fa3-b6a5-4bcc5c255130","-0.03","0.14","-0.03","0.15","0","-0.12","-0.11","0","0","0","1.01","0","0","0","0","0","0","0","0","0","0","0","0","0","0","1",,"-0.03","0.15","0"
"2025-09-07T23:27:47.028000Z","77f5d946-13db-4fa3-b6a5-4bcc5c255130","-0.02","0.14","-0.01","0.03","0","-0.2","-0.11","0.03","0","0","1.01","0","0","0","0","0","0","0","0","0","0","0","0","0","0","1",,"-0.01","0.03","0"
"2025-09-07T23:27:47.051000Z","77f5d946-13db-4fa3-b6a5-4bcc5c255130","-0.02","0.14","0.08","0.3","0","-0.18","-0.11","0.08","-0.01","0","1.01","0","0","0","0","0","0","0","0","0","0","0","0","0","0","1",,"0.08","0.3","0"
"2025-09-07T23:27:47.081000Z","77f5d946-13db-4fa3-b6a5-4bcc5c255130","-0.02","0.14","0","0.07","0","-0.17","-0.09","0.06","0","0","1.01","0","0","0","0","0","0","0","0","0","0","0","0","0","0","1",,"0","0.07","0"
"2025-09-07T23:27:47.094000Z","77f5d946-13db-4fa3-b6a5-4bcc5c255130","-0.01","0.15","0.08","0.29","0","-0.17","-0.14","0.06","-0.01","0","1.01","0","0","0","0","0","0","0","0","0","0","0","0","0","0","1",,"0.08","0.29","0"
"2025-09-07T23:27:47.119000Z","77f5d946-13db-4fa3-b6a5-4bcc5c255130","-0.02","0.15","-0.07","0.08","0","-0.21","-0.11","0.03","0","0","1.01","0","0","0","0","0","0","0","0","0","0","0","0","0","0","1",,"-0.07","0.08","0"
"2025-09-07T23:27:47.135000Z","77f5d946-13db-4fa3-b6a5-4bcc5c255130","-0.02","0.16","-0.1","0.28","0","-0.14","-0.15","0.06","0","0","1.01","0","0","0","0","0","0","0","0","0","0","0","0","0","0","1",,"-0.1","0.28","0"
"2025-09-07T23:27:47.170000Z","77f5d946-13db-4fa3-b6a5-4bcc5c255130","-0.02","0.16","0.01","0.18","0","-0.2","-0.15","0.03","0","0","1.01","0","0","0","0","0","0","0","0","0","0","0","0","0","0","1",,"0.01","0.18","0"
"2025-09-07T23:27:47.212000Z","77f5d946-13db-4fa3-b6a5-4bcc5c255130","-0.02","0.16","-0.15","0.06","0","-0.15","-0.11","0.06","0","0","1.01","0","0","0","0","0","0","0","0","0","0","0","0","0","0","1",,"-0.15","0.06","0"
"2025-09-07T23:27:47.213000Z","77f5d946-13db-4fa3-b6a5-4bcc5c255130","-0.02","0.15","0.04","0.11","0","-0.12","-0.11","0.05","0","0","1.01","0","0","0","0","0","0","0","0","0","0","0","0","0","0","1",,"0.04","0.11","0"
"2025-09-07T23:27:47.237000Z","77f5d946-13db-4fa3-b6a5-4bcc5c255130","-0.02","0.16","0.13","0.18","0","-0.17","-0.09","0.06","0","0","1.01","0","0","0","0","0","0","0","0","0","0","0","0","0","0","1",,"0.13","0.18","0"
"2025-09-07T23:27:47.265000Z","77f5d946-13db-4fa3-b6a5-4bcc5c255130","-0.02","0.16","-0.08","0.14","0","-0.2","-0.05","0.03","0","0","1.01","0","0","0","0","0","0","0","0","0","0","0","0","0","0","1",,"-0.08","0.14","0"
"2025-09-07T23:27:47.271000Z","77f5d946-13db-4fa3-b6a5-4bcc5c255130","-0.02","0.16","-0.08","0.17","0","-0.2","-0.14","0.08","0","0","1.01","0","0","0","0","0","0","0","0","0","0","0","0","0","0","1",,"-0.08","0.17","0"
"2025-09-07T23:27:47.290000Z","77f5d946-13db-4fa3-b6a5-4bcc5c255130","-0.02","0.16","0.01","0.21","0","-0.18","-0.15","0.05","0","0","1.01","0","0","0","0","0","0","0","0","0","0","0","0","0","0","1",,"0.01","0.21","0"
"2025-09-07T23:27:47.337000Z","77f5d946-13db-4fa3-b6a5-4bcc5c255130","-0.01","0.16","0.01","0.17","0","-0.2","-0.14","0.06","0","0","1.01","0","0","0","0","0","0","0","0","0","0","0","0","0","0","1",,"0.01","0.17","0"
"2025-09-07T23:27:47.338000Z","77f5d946-13db-4fa3-b6a5-4bcc5c255130","-0.01","0.16","0.17","0.17","0","-0.15","-0.12","0.03","0","0","1.01","0","0","0","0","0","0","0","0","0","0","0","0","0","0","1",,"0.17","0.17","0"
"2025-09-07T23:27:47.383000Z","77f5d946-13db-4fa3-b6a5-4bcc5c255130","-0.01","0.15","0","0.1","0","-0.18","-0.09","0.02","0","0","1.01","0","0","0","0","0","0","0","0","0","0","0","0","0","0","1",,"0","0.1","0"
"2025-09-07T23:27:47.388000Z","77f5d946-13db-4fa3-b6a5-4bcc5c255130","-0.01","0.16","-0.11","0.17","0","-0.15","-0.15","0.12","0","0","1.01","0","0","0","0","0","0","0","0","0","0","0","0","0","0","1",,"-0.11","0.17","0"
"2025-09-07T23:27:47.412000Z","77f5d946-13db-4fa3-b6a5-4bcc5c255130","-0.01","0.15","0.06","0.06","0","-0.14","-0.12","0.02","0","0","1.01","0","0","0","0","0","0","0","0","0","0","0","0","0","0","1",,"0.06","0.06","0"
"2025-09-07T23:27:47.431000Z","77f5d946-13db-4fa3-b6a5-4bcc5c255130","-0.01","0.15","-0.15","0.11","0","-0.15","-0.11","0.06","0","0","1.01","0","0","0","0","0","0","0","0","0","0","0","0","0","0","1",,"-0.15","0.11","0"
"2025-09-07T23:27:47.460000Z","77f5d946-13db-4fa3-b6a5-4bcc5c255130","0","0.15","0.04","0.22","0","-0.17","-0.14","0.05","0","0","1.01","0","0","0","0","0","0","0","0","0","0","0","0","0","0","1",,"0.04","0.22","0"
"2025-09-07T23:27:47.468000Z","77f5d946-13db-4fa3-b6a5-4bcc5c255130","-0.01","0.15","0.06","0","0","-0.21","-0.09","0","0","0","1.01","0","0","0","0","0","0","0","0","0","0","0","0","0","0","1",,"0.06","0","0"
"2025-09-07T23:27:47.492000Z","77f5d946-13db-4fa3-b6a5-4bcc5c255130","-0.01","0.15","-0.1","0.21","0","-0.15","-0.12","0.02","0","0","1.01","0","0","0","0","0","0","0","0","0","0","0","0","0","0","1",,"-0.1","0.21","0"
"2025-09-07T23:27:47.513000Z","77f5d946-13db-4fa3-b6a5-4bcc5c255130","-0.01","0.14","0.1","0.12","0","-0.18","-0.11","0","0","0","1.01","0","0","0","0","0","0","0","0","0","0","0","0","0","0","1",,"0.1","0.12","0"
"2025-09-07T23:27:47.559000Z","77f5d946-13db-4fa3-b6a5-4bcc5c255130","-0.01","0.15","-0.12","0.21","0","-0.14","-0.08","0.03","0","0","1.01","0","0","0","0","0","0","0","0","0","0","0","0","0","0","1",,"-0.12","0.21","0"
"2025-09-07T23:27:47.560000Z","77f5d946-13db-4fa3-b6a5-4bcc5c255130","0","0.15","0.04","0.19","0","-0.17","-0.15","0.03","0","0","1.01","0","0","0","0","0","0","0","0","0","0","0","0","0","0","1",,"0.04","0.19","0"
"2025-09-07T23:27:47.588000Z","77f5d946-13db-4fa3-b6a5-4bcc5c255130","0","0.15","-0.04","0.19","0","-0.14","-0.11","0.06","0","0","1.01","0","0","0","0","0","0","0","0","0","0","0","0","0","0","1",,"-0.04","0.19","0"
"2025-09-07T23:27:47.595000Z","77f5d946-13db-4fa3-b6a5-4bcc5c255130","0","0.15","-0.07","0.12","0","-0.15","-0.12","0.06","0","0","1.01","0","0","0","0","0","0","0","0","0","0","0","0","0","0","1",,"-0.07","0.12","0"
"2025-09-07T23:27:47.619000Z","77f5d946-13db-4fa3-b6a5-4bcc5c255130","0","0.15","0.11","0.1","0","-0.14","-0.09","0.08","0","0","1.01","0","0","0","0","0","0","0","0","0","0","0","0","0","0","1",,"0.11","0.1","0"
"2025-09-07T23:27:47.637000Z","77f5d946-13db-4fa3-b6a5-4bcc5c255130","0","0.14","-0.14","0.06","0","-0.18","-0.12","0.06","0","0","1.01","0","0","0","0","0","0","0","0","0","0","0","0","0","0","1",,"-0.14","0.06","0"
"2025-09-07T23:27:47.666000Z","77f5d946-13db-4fa3-b6a5-4bcc5c255130","0","0.14","0.1","0.21","0","-0.18","-0.14","0.03","0","0","1.01","0","0","0","0","0","0","0","0","0","0","0","0","0","0","1",,"0.1","0.21","0"
"2025-09-07T23:27:47.692000Z","77f5d946-13db-4fa3-b6a5-4bcc5c255130","0","0.14","-0.01","0.1","0","-0.23","-0.11","0.02","0","0","1.01","0","0","0","0","0","0","0","0","0","0","0","0","0","0","1",,"-0.01","0.1","0"
"2025-09-07T23:27:47.699000Z","77f5d946-13db-4fa3-b6a5-4bcc5c255130","0","0.15","-0.01","0.19","0","-0.2","-0.15","0.08","0","0","1.01","0","0","0","0","0","0","0","0","0","0","0","0","0","0","1",,"-0.01","0.19","0"
"2025-09-07T23:27:47.742000Z","77f5d946-13db-4fa3-b6a5-4bcc5c255130","0","0.14","0.07","0.1","0","-0.23","-0.14","0.02","0","0","1.01","0","0","0","0","0","0","0","0","0","0","0","0","0","0","1",,"0.07","0.1","0"
"2025-09-07T23:27:47.746000Z","77f5d946-13db-4fa3-b6a5-4bcc5c255130","-0.01","0.14","-0.12","0.08","0","-0.17","-0.15","0.11","0","0","1.01","0","0","0","0","0","0","0","0","0","0","0","0","0","0","1",,"-0.12","0.08","0"
"2025-09-07T23:27:47.769000Z","77f5d946-13db-4fa3-b6a5-4bcc5c255130","-0.01","0.14","-0.03","0.21","0","-0.15","-0.11","0.08","0","0","1.01","0","0","0","0","0","0","0","0","0","0","0","0","0","0","1",,"-0.03","0.21","0"
"2025-09-07T23:27:47.797000Z","77f5d946-13db-4fa3-b6a5-4bcc5c255130","-0.01","0.14","-0.08","0.17","0","-0.18","-0.14","0.03","0","0","1.01","0","0","0","0","0","0","0","0","0","0","0","0","0","0","1",,"-0.08","0.17","0"
"2025-09-07T23:27:47.809000Z","77f5d946-13db-4fa3-b6a5-4bcc5c255130","0","0.14","0.03","0.19","0","-0.17","-0.09","0.06","0","0","1.01","0","0","0","0","0","0","0","0","0","0","0","0","0","0","1",,"0.03","0.19","0"
"2025-09-07T23:27:47.849000Z","77f5d946-13db-4fa3-b6a5-4bcc5c255130","-0.01","0.14","-0.03","0.14","0","-0.12","-0.11","0.03","0","0","1.01","0","0","0","0","0","0","0","0","0","0","0","0","0","0","1",,"-0.03","0.14","0"
"2025-09-07T23:27:47.850000Z","77f5d946-13db-4fa3-b6a5-4bcc5c255130","0","0.14","-0.07","0.18","0","-0.11","-0.12","0.05","0","0","1.01","0","0","0","0","0","0","0","0","0","0","0","0","0","0","1",,"-0.07","0.18","0"
"2025-09-07T23:27:47.871000Z","77f5d946-13db-4fa3-b6a5-4bcc5c255130","0","0.13","0.03","0.04","0","-0.15","-0.11","0.05","0","0","1.01","0","0","0","0","0","0","0","0","0","0","0","0","0","0","1",,"0.03","0.04","0"
"2025-09-07T23:27:47.892000Z","77f5d946-13db-4fa3-b6a5-4bcc5c255130","0","0.14","-0.01","0.19","0","-0.15","-0.12","0.05","0","0","1.01","0","0","0","0","0","0","0","0","0","0","0","0","0","0","1",,"-0.01","0.19","0"
"2025-09-07T23:27:47.918000Z","77f5d946-13db-4fa3-b6a5-4bcc5c255130","-0.01","0.13","-0.08","0.04","0","-0.2","-0.09","0.02","0","0","1.01","0","0","0","0","0","0","0","0","0","0","0","0","0","0","1",,"-0.08","0.04","0"
"2025-09-07T23:27:47.944000Z","77f5d946-13db-4fa3-b6a5-4bcc5c255130","-0.01","0.13","-0.04","0.18","0","-0.17","-0.11","0.06","0","0","1.01","0","0","0","0","0","0","0","0","0","0","0","0","0","0","1",,"-0.04","0.18","0"
"2025-09-07T23:27:47.954000Z","77f5d946-13db-4fa3-b6a5-4bcc5c255130","-0.02","0.13","-0.18","0.08","0","-0.21","-0.08","0.03","0","0","1.01","0","0","0","0","0","0","0","0","0","0","0","0","0","0","1",,"-0.18","0.08","0"
"2025-09-07T23:27:47.981000Z","77f5d946-13db-4fa3-b6a5-4bcc5c255130","-0.03","0.13","-0.08","0.21","0","-0.15","-0.12","0.09","0","0","1.01","0","0","0","0","0","0","0","0","0","0","0","0","0","0","1",,"-0.08","0.21","0"
"2025-09-07T23:27:47.998000Z","77f5d946-13db-4fa3-b6a5-4bcc5c255130","-0.03","0.12","-0.03","0.1","0","-0.17","-0.09","0.05","0","0","1.01","0","0","0","0","0","0","0","0","0","0","0","0","0","0","1",,"-0.03","0.1","0"
"2025-09-07T23:27:48.029000Z","77f5d946-13db-4fa3-b6a5-4bcc5c255130","-0.03","0.13","-0.03","0.06","0","-0.12","-0.11","0.06","0","0","1.01","0","0","0","0","0","0","0","0","0","0","0","0","0","0","1",,"-0.03","0.06","0"
"2025-09-07T23:27:48.044000Z","77f5d946-13db-4fa3-b6a5-4bcc5c255130","-0.03","0.12","0.04","0.1","0","-0.17","-0.14","0.03","0","0","1.01","0","0","0","0","0","0","0","0","0","0","0","0","0","0","1",,"0.04","0.1","0"
"2025-09-07T23:27:48.057000Z","77f5d946-13db-4fa3-b6a5-4bcc5c255130","-0.03","0.13","-0.03","0.19","0","-0.15","-0.14","0.06","0","0","1.01","0","0","0","0","0","0","0","0","0","0","0","0","0","0","1",,"-0.03","0.19","0"
"2025-09-07T23:27:48.082000Z","77f5d946-13db-4fa3-b6a5-4bcc5c255130","-0.02","0.13","0.07","0.22","0","-0.15","-0.09","0.08","0","0","1.01","0","0","0","0","0","0","0","0","0","0","0","0","0","0","1",,"0.07","0.22","0"
"2025-09-07T23:27:48.104000Z","77f5d946-13db-4fa3-b6a5-4bcc5c255130","-0.02","0.13","0","0.14","0","-0.17","-0.12","0.08","0","0","1.01","0","0","0","0","0","0","0","0","0","0","0","0","0","0","1",,"0","0.14","0"
"2025-09-07T23:27:48.123000Z","77f5d946-13db-4fa3-b6a5-4bcc5c255130","-0.02","0.13","-0.04","0.15","0","-0.11","-0.11","0.03","0","0","1.01","0","0","0","0","0","0","0","0","0","0","0","0","0","0","1",,"-0.04","0.15","0"
"2025-09-07T23:27:48.145000Z","77f5d946-13db-4fa3-b6a5-4bcc5c255130","-0.01","0.13","0.11","0.04","0","-0.15","-0.12","0.05","0","0","1.01","0","0","0","0","0","0","0","0","0","0","0","0","0","0","1",,"0.11","0.04","0"
"2025-09-07T23:27:48.168000Z","77f5d946-13db-4fa3-b6a5-4bcc5c255130","-0.01","0.13","0","0.21","0","-0.18","-0.08","0.05","0","0","1.01","0","0","0","0","0","0","0","0","0","0","0","0","0","0","1",,"0","0.21","0"
"2025-09-07T23:27:48.190000Z","77f5d946-13db-4fa3-b6a5-4bcc5c255130","-0.01","0.13","-0.04","0.24","0","-0.2","-0.09","0.05","0","0","1.01","0","0","0","0","0","0","0","0","0","0","0","0","0","0","1",,"-0.04","0.24","0"
"2025-09-07T23:27:48.207000Z","77f5d946-13db-4fa3-b6a5-4bcc5c255130","-0.01","0.14","0","0.14","0","-0.12","-0.09","0.03","0","0","1.01","0","0","0","0","0","0","0","0","0","0","0","0","0","0","1",,"0","0.14","0"
"2025-09-07T23:27:48.228000Z","77f5d946-13db-4fa3-b6a5-4bcc5c255130","-0.02","0.13","-0.14","0.11","0","-0.15","-0.08","0.03","0","0","1.01","0","0","0","0","0","0","0","0","0","0","0","0","0","0","1",,"-0.14","0.11","0"
"2025-09-07T23:27:48.253000Z","77f5d946-13db-4fa3-b6a5-4bcc5c255130","-0.02","0.15","0.01","0.47","0","-0.31","-0.2","0.05","-0.01","0","1.01","0","0","0","0","0","0","0","0","0","0","0","0","0","0","1",,"0.01","0.47","0"
"2025-09-07T23:27:48.277000Z","77f5d946-13db-4fa3-b6a5-4bcc5c255130","-0.03","0.15","-0.03","0.04","0","-0.17","-0.21","0","0","0","1.01","0","0","0","0","0","0","0","0","0","0","0","0","0","0","1",,"-0.03","0.04","0"
"2025-09-07T23:27:48.295000Z","77f5d946-13db-4fa3-b6a5-4bcc5c255130","-0.03","0.15","-0.15","0.18","0","-0.24","-0.21","0.11","0","0","1.01","0","0","0","0","0","0","0","0","0","0","0","0","0","0","1",,"-0.15","0.18","0"
"2025-09-07T23:27:48.316000Z","77f5d946-13db-4fa3-b6a5-4bcc5c255130","-0.03","0.15","0.04","0.17","0","-0.02","-0.09","0.05","0","0","1.01","0","0","0","0","0","0","0","0","0","0","0","0","0","0","1",,"0.04","0.17","0"
"2025-09-07T23:27:48.349000Z","77f5d946-13db-4fa3-b6a5-4bcc5c255130","-0.03","0.16","-0.06","0.29","0","-0.23","-0.21","0.03","0","0","1.01","0","0","0","0","0","0","0","0","0","0","0","0","0","0","1",,"-0.06","0.29","0"
"2025-09-07T23:27:48.366000Z","77f5d946-13db-4fa3-b6a5-4bcc5c255130","-0.02","0.15","0.18","0.07","0","-0.24","-0.2","0.02","0","0","1.01","0","0","0","0","0","0","0","0","0","0","0","0","0","0","1",,"0.18","0.07","0"
"2025-09-07T23:27:48.383000Z","77f5d946-13db-4fa3-b6a5-4bcc5c255130","-0.02","0.14","0.12","-0.04","0","-0.23","-0.03","0.03","0","0","1.01","0","0","0","0","0","0","0","0","0","0","0","0","0","0","1",,"0.12","-0.04","0"
"2025-09-07T23:27:48.412000Z","77f5d946-13db-4fa3-b6a5-4bcc5c255130","-0.01","0.14","-0.08","0.06","0","-0.05","0.06","0.03","0","0","1.01","0","0","0","0","0","0","0","0","0","0","0","0","0","0","1",,"-0.08","0.06","0"
"2025-09-07T23:27:48.436000Z","77f5d946-13db-4fa3-b6a5-4bcc5c255130","0","0.14","0.12","0.22","0","-0.09","0.06","0.02","0","0","1.01","0","0","0","0","0","0","0","0","0","0","0","0","0","0","1",,"0.12","0.22","0"
"2025-09-07T23:27:48.675000Z","77f5d946-13db-4fa3-b6a5-4bcc5c255130","-0.01","0.15","-0.28","0.18","0","-0.24","-0.05","0.03","0","0","1.01","0","0","0","0","0","0","0","0","0","0","0","0","0","0","1",,"-0.28","0.18","0"
"2025-09-07T23:27:48.676000Z","77f5d946-13db-4fa3-b6a5-4bcc5c255130","-0.02","0.16","-0.22","0.29","0","-0.21","-0.03","0.03","-0.01","0","1.01","0","0","0","0","0","0","0","0","0","0","0","0","0","0","1",,"-0.22","0.29","0"
"2025-09-07T23:27:48.676000Z","77f5d946-13db-4fa3-b6a5-4bcc5c255130","-0.04","0.17","-0.22","0.19","0","-0.15","-0.17","0.06","0","0","1.01","0","0","0","0","0","0","0","0","0","0","0","0","0","0","1",,"-0.22","0.19","0"
"2025-09-07T23:27:48.676000Z","77f5d946-13db-4fa3-b6a5-4bcc5c255130","-0.03","0.17","-0.01","0.25","0","-0.17","-0.09","0.06","0","0","1.01","0","0","0","0","0","0","0","0","0","0","0","0","0","0","1",,"-0.01","0.25","0"
"2025-09-07T23:27:48.676000Z","77f5d946-13db-4fa3-b6a5-4bcc5c255130","-0.03","0.18","0.07","0.28","0","-0.11","-0.26","0.09","0","0","1.01","0","0","0","0","0","0","0","0","0","0","0","0","0","0","1",,"0.07","0.28","0"
"2025-09-07T23:27:48.677000Z","77f5d946-13db-4fa3-b6a5-4bcc5c255130","-0.02","0.17","0.04","0.07","0","-0.12","-0.27","0.02","0","0","1.01","0","0","0","0","0","0","0","0","0","0","0","0","0","0","1",,"0.04","0.07","0"
"2025-09-07T23:27:48.677000Z","77f5d946-13db-4fa3-b6a5-4bcc5c255130","-0.03","0.17","0.04","0.15","0","-0.21","-0.27","0.02","0","0","1.01","0","0","0","0","0","0","0","0","0","0","0","0","0","0","1",,"0.04","0.15","0"
"2025-09-07T23:27:48.677000Z","77f5d946-13db-4fa3-b6a5-4bcc5c255130","0","0.16","0.17","0.15","0","0.05","-0.06","0","0","0","1.01","0","0","0","0","0","0","0","0","0","0","0","0","0","0","1",,"0.17","0.15","0"
"2025-09-07T23:27:48.746000Z","77f5d946-13db-4fa3-b6a5-4bcc5c255130","0","0.15","0.1","0.04","0","-0.27","-0.09","0.02","0","0","1.01","0","0","0","0","0","0","0","0","0","0","0","0","0","0","1",,"0.1","0.04","0"
"2025-09-07T23:27:48.776000Z","77f5d946-13db-4fa3-b6a5-4bcc5c255130","0.01","0.15","-0.04","0.14","0","0.03","0.12","0.02","0","0","1.01","0","0","0","0","0","0","0","0","0","0","0","0","0","0","1",,"-0.04","0.14","0"
"2025-09-07T23:27:48.821000Z","77f5d946-13db-4fa3-b6a5-4bcc5c255130","-0.01","0.17","-0.29","0.36","0","-0.17","-0.05","0.06","-0.01","-0.01","1.01","0","0","0","0","0","0","0","0","0","0","0","0","0","0","1",,"-0.29","0.36","0"
"2025-09-07T23:27:48.822000Z","77f5d946-13db-4fa3-b6a5-4bcc5c255130","-0.02","0.18","-0.17","0.25","0","-0.14","-0.14","0.02","0","0","1.01","0","0","0","0","0","0","0","0","0","0","0","0","0","0","1",,"-0.17","0.25","0"
"2025-09-07T23:27:48.848000Z","77f5d946-13db-4fa3-b6a5-4bcc5c255130","-0.03","0.18","-0.14","0.14","0","-0.21","-0.2","-0.02","0","0","1.01","0","0","0","0","0","0","0","0","0","0","0","0","0","0","1",,"-0.14","0.14","0"
"2025-09-07T23:27:48.857000Z","77f5d946-13db-4fa3-b6a5-4bcc5c255130","-0.05","0.18","-0.25","0.21","0","-0.17","-0.18","0","0","0","1.01","0","0","0","0","0","0","0","0","0","0","0","0","0","0","1",,"-0.25","0.21","0"
"2025-09-07T23:27:48.887000Z","77f5d946-13db-4fa3-b6a5-4bcc5c255130","-0.05","0.17","0.04","0.1","0","-0.11","-0.23","0.06","0","0","1.01","0","0","0","0","0","0","0","0","0","0","0","0","0","0","1",,"0.04","0.1","0"
"2025-09-07T23:27:48.907000Z","77f5d946-13db-4fa3-b6a5-4bcc5c255130","-0.04","0.17","0.1","0.25","0","-0.17","-0.23","0.03","0","0","1.01","0","0","0","0","0","0","0","0","0","0","0","0","0","0","1",,"0.1","0.25","0"
"2025-09-07T23:27:48.927000Z","77f5d946-13db-4fa3-b6a5-4bcc5c255130","-0.04","0.17","0","0.07","0","-0.2","-0.11","0.03","0","0","1.01","0","0","0","0","0","0","0","0","0","0","0","0","0","0","1",,"0","0.07","0"
"2025-09-07T23:27:48.947000Z","77f5d946-13db-4fa3-b6a5-4bcc5c255130","-0.03","0.16","0.17","0.12","0","-0.24","0.02","0.09","0","0","1.01","0","0","0","0","0","0","0","0","0","0","0","0","0","0","1",,"0.17","0.12","0"
"2025-09-07T23:27:48.971000Z","77f5d946-13db-4fa3-b6a5-4bcc5c255130","-0.02","0.16","0.06","0.17","0","-0.2","-0.02","0.03","0","0","1.01","0","0","0","0","0","0","0","0","0","0","0","0","0","0","1",,"0.06","0.17","0"
"2025-09-07T23:27:48.997000Z","77f5d946-13db-4fa3-b6a5-4bcc5c255130","-0.02","0.17","-0.12","0.17","0","-0.24","-0.09","0.03","0","0","1.01","0","0","0","0","0","0","0","0","0","0","0","0","0","0","1",,"-0.12","0.17","0"
"2025-09-07T23:27:49.018000Z","77f5d946-13db-4fa3-b6a5-4bcc5c255130","-0.03","0.17","-0.1","0.19","0","-0.23","-0.09","0.03","0","0","1.01","0","0","0","0","0","0","0","0","0","0","0","0","0","0","1",,"-0.1","0.19","0"
"2025-09-07T23:27:49.038000Z","77f5d946-13db-4fa3-b6a5-4bcc5c255130","-0.04","0.18","-0.24","0.35","0","-0.03","-0.17","0.05","-0.01","0","1.01","0","0","0","0","0","0","0","0","0","0","0","0","0","0","1",,"-0.24","0.35","0"
"2025-09-07T23:27:49.070000Z","77f5d946-13db-4fa3-b6a5-4bcc5c255130","-0.05","0.18","-0.17","0.18","0","-0.26","-0.27","0.02","0","0","1.01","0","0","0","0","0","0","0","0","0","0","0","0","0","0","1",,"-0.17","0.18","0"
"2025-09-07T23:27:49.093000Z","77f5d946-13db-4fa3-b6a5-4bcc5c255130","-0.06","0.18","-0.1","0.15","0","-0.11","-0.24","0.05","0","0","1.01","0","0","0","0","0","0","0","0","0","0","0","0","0","0","1",,"-0.1","0.15","0"
"2025-09-07T23:27:49.111000Z","77f5d946-13db-4fa3-b6a5-4bcc5c255130","-0.07","0.17","-0.06","0.07","0","-0.09","-0.14","0.08","0","0","1.01","0","0","0","0","0","0","0","0","0","0","0","0","0","0","1",,"-0.06","0.07","0"
"2025-09-07T23:27:49.132000Z","77f5d946-13db-4fa3-b6a5-4bcc5c255130","-0.06","0.16","0.01","0.01","0","-0.14","-0.14","0.02","0","0","1.01","0","0","0","0","0","0","0","0","0","0","0","0","0","0","1",,"0.01","0.01","0"
"2025-09-07T23:27:49.158000Z","77f5d946-13db-4fa3-b6a5-4bcc5c255130","-0.04","0.16","0.29","0.14","0","-0.12","-0.06","0.06","0","0.01","1.01","0","0","0","0","0","0","0","0","0","0","0","0","0","0","1",,"0.29","0.14","0"
"2025-09-07T23:27:49.177000Z","77f5d946-13db-4fa3-b6a5-4bcc5c255130","-0.02","0.16","0.17","0","0","-0.27","0.03","0.03","0","0","1.01","0","0","0","0","0","0","0","0","0","0","0","0","0","0","1",,"0.17","0","0"
"2025-09-07T23:27:49.197000Z","77f5d946-13db-4fa3-b6a5-4bcc5c255130","-0.01","0.16","0.08","0.15","0","-0.21","0.05","0.09","0","0","1.01","0","0","0","0","0","0","0","0","0","0","0","0","0","0","1",,"0.08","0.15","0"
"2025-09-07T23:27:49.227000Z","77f5d946-13db-4fa3-b6a5-4bcc5c255130","-0.01","0.16","0.08","0.21","0","-0.12","0.05","0","0","0","1.01","0","0","0","0","0","0","0","0","0","0","0","0","0","0","1",,"0.08","0.21","0"
"2025-09-07T23:27:49.247000Z","77f5d946-13db-4fa3-b6a5-4bcc5c255130","-0.01","0.18","-0.18","0.32","0","-0.23","-0.09","0.03","-0.01","0","1.01","0","0","0","0","0","0","0","0","0","0","0","0","0","0","1",,"-0.18","0.32","0"
"2025-09-07T23:27:49.268000Z","77f5d946-13db-4fa3-b6a5-4bcc5c255130","-0.03","0.19","-0.3","0.43","0","-0.29","-0.27","0.03","-0.01","-0.01","1.01","0","0","0","0","0","0","0","0","0","0","0","0","0","0","1",,"-0.3","0.43","0"
"2025-09-07T23:27:49.296000Z","77f5d946-13db-4fa3-b6a5-4bcc5c255130","-0.06","0.18","-0.24","0.04","0","-0.14","-0.21","0.02","0","0","1.01","0","0","0","0","0","0","0","0","0","0","0","0","0","0","1",,"-0.24","0.04","0"
"2025-09-07T23:27:49.318000Z","77f5d946-13db-4fa3-b6a5-4bcc5c255130","-0.07","0.19","-0.29","0.22","0","-0.06","-0.26","0.05","0","-0.01","1.01","0","0","0","0","0","0","0","0","0","0","0","0","0","0","1",,"-0.29","0.22","0"
"2025-09-07T23:27:49.338000Z","77f5d946-13db-4fa3-b6a5-4bcc5c255130","-0.07","0.18","0.04","0.14","0","-0.18","-0.26","0.05","0","0","1.01","0","0","0","0","0","0","0","0","0","0","0","0","0","0","1",,"0.04","0.14","0"
"2025-09-07T23:27:49.358000Z","77f5d946-13db-4fa3-b6a5-4bcc5c255130","-0.07","0.17","0.08","0","0","-0.12","-0.14","0.03","0","0","1.01","0","0","0","0","0","0","0","0","0","0","0","0","0","0","1",,"0.08","0","0"
"2025-09-07T23:27:49.378000Z","77f5d946-13db-4fa3-b6a5-4bcc5c255130","-0.05","0.16","0.14","0.01","0","-0.23","-0.08","0.05","0","0","1.01","0","0","0","0","0","0","0","0","0","0","0","0","0","0","1",,"0.14","0.01","0"
"2025-09-07T23:27:49.400000Z","77f5d946-13db-4fa3-b6a5-4bcc5c255130","-0.02","0.15","0.47","0.03","0","-0.17","0.03","0.03","0","0.01","1.01","0","0","0","0","0","0","0","0","0","0","0","0","0","0","1",,"0.47","0.03","0"
"2025-09-07T23:27:49.428000Z","77f5d946-13db-4fa3-b6a5-4bcc5c255130","0.01","0.15","0.29","0.15","0","-0.18","0.05","0.05","0","0.01","1.01","0","0","0","0","0","0","0","0","0","0","0","0","0","0","1",,"0.29","0.15","0"
"2025-09-07T23:27:49.443000Z","77f5d946-13db-4fa3-b6a5-4bcc5c255130","0.02","0.16","0.14","0.21","0","-0.21","0.02","0.05","0","0","1.01","0","0","0","0","0","0","0","0","0","0","0","0","0","0","1",,"0.14","0.21","0"
"2025-09-07T23:27:49.468000Z","77f5d946-13db-4fa3-b6a5-4bcc5c255130","0.01","0.16","-0.06","0.28","0","-0.2","-0.03","0.03","0","0","1.01","0","0","0","0","0","0","0","0","0","0","0","0","0","0","1",,"-0.06","0.28","0"
"2025-09-07T23:27:49.492000Z","77f5d946-13db-4fa3-b6a5-4bcc5c255130","0","0.17","-0.37","0.19","0","-0.2","-0.11","0.06","0","-0.01","1.01","0","0","0","0","0","0","0","0","0","0","0","0","0","0","1",,"-0.37","0.19","0"
"2025-09-07T23:27:49.508000Z","77f5d946-13db-4fa3-b6a5-4bcc5c255130","-0.02","0.18","-0.22","0.33","0","-0.15","-0.15","0.03","-0.01","0","1.01","0","0","0","0","0","0","0","0","0","0","0","0","0","0","1",,"-0.22","0.33","0"
"2025-09-07T23:27:49.538000Z","77f5d946-13db-4fa3-b6a5-4bcc5c255130","-0.03","0.18","-0.4","0.21","0","-0.14","-0.24","0.03","0","-0.01","1.01","0","0","0","0","0","0","0","0","0","0","0","0","0","0","1",,"-0.4","0.21","0"
"2025-09-07T23:27:49.548000Z","77f5d946-13db-4fa3-b6a5-4bcc5c255130","-0.05","0.18","-0.11","0.28","0","-0.09","-0.21","0.05","0","0","1.01","0","0","0","0","0","0","0","0","0","0","0","0","0","0","1",,"-0.11","0.28","0"
"2025-09-07T23:27:49.569000Z","77f5d946-13db-4fa3-b6a5-4bcc5c255130","-0.05","0.17","0.06","-0.04","0","-0.14","-0.15","0.03","0","0","1.01","0","0","0","0","0","0","0","0","0","0","0","0","0","0","1",,"0.06","-0.04","0"
"2025-09-07T23:27:49.588000Z","77f5d946-13db-4fa3-b6a5-4bcc5c255130","-0.04","0.17","0.01","0.21","0","-0.18","-0.2","0.05","0","0","1.01","0","0","0","0","0","0","0","0","0","0","0","0","0","0","1",,"0.01","0.21","0"
"2025-09-07T23:27:49.618000Z","77f5d946-13db-4fa3-b6a5-4bcc5c255130","-0.02","0.15","0.29","-0.06","0","-0.2","-0.08","0.02","0","0.01","1.01","0","0","0","0","0","0","0","0","0","0","0","0","0","0","1",,"0.29","-0.06","0"
"2025-09-07T23:27:49.641000Z","77f5d946-13db-4fa3-b6a5-4bcc5c255130","-0.01","0.15","0.11","0.07","0","-0.27","-0.08","0.06","0","0","1.01","0","0","0","0","0","0","0","0","0","0","0","0","0","0","1",,"0.11","0.07","0"
"2025-09-07T23:27:49.670000Z","77f5d946-13db-4fa3-b6a5-4bcc5c255130","0.01","0.15","0.19","0.24","0","-0.26","-0.05","0.05","0","0","1.01","0","0","0","0","0","0","0","0","0","0","0","0","0","0","1",,"0.19","0.24","0"
"2025-09-07T23:27:49.678000Z","77f5d946-13db-4fa3-b6a5-4bcc5c255130","0.02","0.15","0.1","0.12","0","-0.21","0","0.06","0","0","1.01","0","0","0","0","0","0","0","0","0","0","0","0","0","0","1",,"0.1","0.12","0"
"2025-09-07T23:27:49.699000Z","77f5d946-13db-4fa3-b6a5-4bcc5c255130","0.01","0.16","-0.17","0.24","0","-0.15","-0.05","0.05","0","0","1.01","0","0","0","0","0","0","0","0","0","0","0","0","0","0","1",,"-0.17","0.24","0"
"2025-09-07T23:27:49.738000Z","77f5d946-13db-4fa3-b6a5-4bcc5c255130","0","0.16","-0.06","0.19","0","-0.12","-0.05","0.02","0","0","1.01","0","0","0","0","0","0","0","0","0","0","0","0","0","0","1",,"-0.06","0.19","0"
"2025-09-07T23:27:49.739000Z","77f5d946-13db-4fa3-b6a5-4bcc5c255130","-0.01","0.17","-0.24","0.22","0","-0.17","-0.15","0.06","0","0","1.01","0","0","0","0","0","0","0","0","0","0","0","0","0","0","1",,"-0.24","0.22","0"
"2025-09-07T23:27:49.769000Z","77f5d946-13db-4fa3-b6a5-4bcc5c255130","-0.02","0.17","-0.17","0.21","0","-0.14","-0.21","0.03","0","0","1.01","0","0","0","0","0","0","0","0","0","0","0","0","0","0","1",,"-0.17","0.21","0"
"2025-09-07T23:27:49.815000Z","77f5d946-13db-4fa3-b6a5-4bcc5c255130","-0.03","0.17","0","0.22","0","-0.17","-0.24","0.06","0","0","1.01","0","0","0","0","0","0","0","0","0","0","0","0","0","0","1",,"0","0.22","0"
"2025-09-07T23:27:49.816000Z","77f5d946-13db-4fa3-b6a5-4bcc5c255130","-0.02","0.16","-0.08","0.07","0","-0.14","-0.17","0.05","0","0","1.01","0","0","0","0","0","0","0","0","0","0","0","0","0","0","1",,"-0.08","0.07","0"
"2025-09-07T23:27:49.864000Z","77f5d946-13db-4fa3-b6a5-4bcc5c255130","-0.01","0.16","0.07","0.07","0","-0.17","-0.15","0.11","0","0","1.01","0","0","0","0","0","0","0","0","0","0","0","0","0","0","1",,"0.07","0.07","0"
"2025-09-07T23:27:49.869000Z","77f5d946-13db-4fa3-b6a5-4bcc5c255130","0","0.15","0.22","0.14","0","-0.23","-0.05","0.03","0","0","1.01","0","0","0","0","0","0","0","0","0","0","0","0","0","0","1",,"0.22","0.14","0"
"2025-09-07T23:27:49.892000Z","77f5d946-13db-4fa3-b6a5-4bcc5c255130","0.01","0.15","0.06","0.03","0","-0.21","-0.03","0.05","0","0","1.01","0","0","0","0","0","0","0","0","0","0","0","0","0","0","1",,"0.06","0.03","0"
"2025-09-07T23:27:49.910000Z","77f5d946-13db-4fa3-b6a5-4bcc5c255130","0.02","0.15","0.06","0.24","0","-0.12","-0.05","0.03","0","0","1.01","0","0","0","0","0","0","0","0","0","0","0","0","0","0","1",,"0.06","0.24","0"
"2025-09-07T23:27:49.910000Z","77f5d946-13db-4fa3-b6a5-4bcc5c255130","0","0.16","-0.25","0.29","0","-0.15","-0.11","0.05","-0.01","0","1.01","0","0","0","0","0","0","0","0","0","0","0","0","0","0","1",,"-0.25","0.29","0"
"2025-09-07T23:27:49.910000Z","77f5d946-13db-4fa3-b6a5-4bcc5c255130","0.01","0.15","-0.14","0.12","0","-0.2","-0.11","0","0","0","1.01","0","0","0","0","0","0","0","0","0","0","0","0","0","0","1",,"-0.14","0.12","0"
"2025-09-07T23:27:49.912000Z","77f5d946-13db-4fa3-b6a5-4bcc5c255130","-0.01","0.17","-0.1","0.22","0","-0.23","-0.2","0","0","0","1.01","0","0","0","0","0","0","0","0","0","0","0","0","0","0","1",,"-0.1","0.22","0"
"2025-09-07T23:27:49.929000Z","77f5d946-13db-4fa3-b6a5-4bcc5c255130","-0.02","0.17","-0.18","0.19","0","-0.14","-0.24","0.03","0","0","1.01","0","0","0","0","0","0","0","0","0","0","0","0","0","0","1",,"-0.18","0.19","0"
"2025-09-07T23:27:49.948000Z","77f5d946-13db-4fa3-b6a5-4bcc5c255130","-0.03","0.16","-0.08","0.11","0","-0.18","-0.29","0.05","0","0","1.01","0","0","0","0","0","0","0","0","0","0","0","0","0","0","1",,"-0.08","0.11","0"
"2025-09-07T23:27:49.974000Z","77f5d946-13db-4fa3-b6a5-4bcc5c255130","-0.04","0.17","-0.04","0.22","0","-0.14","-0.24","0.06","0","0","1.01","0","0","0","0","0","0","0","0","0","0","0","0","0","0","1",,"-0.04","0.22","0"
"2025-09-07T23:27:49.993000Z","77f5d946-13db-4fa3-b6a5-4bcc5c255130","-0.03","0.16","0.01","0.07","0","-0.23","-0.15","0.02","0","0","1.01","0","0","0","0","0","0","0","0","0","0","0","0","0","0","1",,"0.01","0.07","0"
"2025-09-07T23:27:50.015000Z","77f5d946-13db-4fa3-b6a5-4bcc5c255130","-0.02","0.15","0.17","0.04","0","-0.2","-0.05","0.08","0","0","1.01","0","0","0","0","0","0","0","0","0","0","0","0","0","0","1",,"0.17","0.04","0"
"2025-09-07T23:27:50.038000Z","77f5d946-13db-4fa3-b6a5-4bcc5c255130","-0.02","0.15","0.07","0.14","0","-0.12","0.02","0.05","0","0","1.01","0","0","0","0","0","0","0","0","0","0","0","0","0","0","1",,"0.07","0.14","0"
"2025-09-07T23:27:50.057000Z","77f5d946-13db-4fa3-b6a5-4bcc5c255130","0","0.15","0.08","0.11","0","-0.14","0.02","0.09","0","0","1.01","0","0","0","0","0","0","0","0","0","0","0","0","0","0","1",,"0.08","0.11","0"
"2025-09-07T23:27:50.094000Z","77f5d946-13db-4fa3-b6a5-4bcc5c255130","0.01","0.16","0.15","0.25","0","-0.17","0.03","0.05","0","0","1.01","0","0","0","0","0","0","0","0","0","0","0","0","0","0","1",,"0.15","0.25","0"
"2025-09-07T23:27:50.107000Z","77f5d946-13db-4fa3-b6a5-4bcc5c255130","0.01","0.16","-0.03","0.04","0","-0.17","-0.09","0.02","0","0","1.01","0","0","0","0","0","0","0","0","0","0","0","0","0","0","1",,"-0.03","0.04","0"
"2025-09-07T23:27:50.123000Z","77f5d946-13db-4fa3-b6a5-4bcc5c255130","0","0.16","-0.11","0.3","0","-0.17","-0.14","0.06","-0.01","0","1.01","0","0","0","0","0","0","0","0","0","0","0","0","0","0","1",,"-0.11","0.3","0"
"2025-09-07T23:27:50.147000Z","77f5d946-13db-4fa3-b6a5-4bcc5c255130","-0.02","0.16","-0.15","0.12","0","-0.17","-0.15","0.03","0","0","1.01","0","0","0","0","0","0","0","0","0","0","0","0","0","0","1",,"-0.15","0.12","0"
"2025-09-07T23:27:50.178000Z","77f5d946-13db-4fa3-b6a5-4bcc5c255130","-0.02","0.16","-0.18","0.26","0","-0.15","-0.15","0.03","0","0","1.01","0","0","0","0","0","0","0","0","0","0","0","0","0","0","1",,"-0.18","0.26","0"
"2025-09-07T23:27:50.190000Z","77f5d946-13db-4fa3-b6a5-4bcc5c255130","-0.04","0.16","-0.11","0.12","0","-0.14","-0.15","0.03","0","0","1.01","0","0","0","0","0","0","0","0","0","0","0","0","0","0","1",,"-0.11","0.12","0"
"2025-09-07T23:27:50.225000Z","77f5d946-13db-4fa3-b6a5-4bcc5c255130","-0.04","0.15","0.01","0.04","0","-0.2","-0.14","0.02","0","0","1.01","0","0","0","0","0","0","0","0","0","0","0","0","0","0","1",,"0.01","0.04","0"
"2025-09-07T23:27:50.242000Z","77f5d946-13db-4fa3-b6a5-4bcc5c255130","-0.04","0.15","-0.06","0.18","0","-0.18","-0.11","0.02","0","0","1.01","0","0","0","0","0","0","0","0","0","0","0","0","0","0","1",,"-0.06","0.18","0"
"2025-09-07T23:27:50.262000Z","77f5d946-13db-4fa3-b6a5-4bcc5c255130","-0.02","0.16","0.21","0.26","0","-0.18","-0.08","0","0","0","1.01","0","0","0","0","0","0","0","0","0","0","0","0","0","0","1",,"0.21","0.26","0"
"2025-09-07T23:27:50.279000Z","77f5d946-13db-4fa3-b6a5-4bcc5c255130","-0.02","0.16","0.15","0.22","0","-0.37","-0.15","0","0","0","1.01","0","0","0","0","0","0","0","0","0","0","0","0","0","0","1",,"0.15","0.22","0"
"2025-09-07T23:27:50.312000Z","77f5d946-13db-4fa3-b6a5-4bcc5c255130","-0.01","0.16","0.12","0.17","0","-0.29","-0.2","0.03","0","0","1.01","0","0","0","0","0","0","0","0","0","0","0","0","0","0","1",,"0.12","0.17","0"
"2025-09-07T23:27:50.333000Z","77f5d946-13db-4fa3-b6a5-4bcc5c255130","0.01","0.16","0.22","0.18","0","-0.03","-0.08","0.02","0","0","1.01","0","0","0","0","0","0","0","0","0","0","0","0","0","0","1",,"0.22","0.18","0"
"2025-09-07T23:27:50.345000Z","77f5d946-13db-4fa3-b6a5-4bcc5c255130","0.01","0.16","-0.04","0.1","0","-0.06","-0.08","0.06","0","0","1.01","0","0","0","0","0","0","0","0","0","0","0","0","0","0","1",,"-0.04","0.1","0"
"2025-09-07T23:27:50.364000Z","77f5d946-13db-4fa3-b6a5-4bcc5c255130","0.01","0.17","-0.06","0.39","0","-0.17","-0.14","0.03","-0.01","0","1.01","0","0","0","0","0","0","0","0","0","0","0","0","0","0","1",,"-0.06","0.39","0"
"2025-09-07T23:27:50.410000Z","77f5d946-13db-4fa3-b6a5-4bcc5c255130","-0.01","0.17","-0.21","0.11","0","-0.2","-0.11","0.02","0","0","1.01","0","0","0","0","0","0","0","0","0","0","0","0","0","0","1",,"-0.21","0.11","0"
"2025-09-07T23:27:50.411000Z","77f5d946-13db-4fa3-b6a5-4bcc5c255130","-0.01","0.17","-0.21","0.19","0","-0.12","-0.09","0.06","0","0","1.01","0","0","0","0","0","0","0","0","0","0","0","0","0","0","1",,"-0.21","0.19","0"
"2025-09-07T23:27:50.443000Z","77f5d946-13db-4fa3-b6a5-4bcc5c255130","-0.03","0.17","-0.04","0.22","0","-0.18","-0.09","0.02","0","0","1.01","0","0","0","0","0","0","0","0","0","0","0","0","0","0","1",,"-0.04","0.22","0"
"2025-09-07T23:27:50.453000Z","77f5d946-13db-4fa3-b6a5-4bcc5c255130","-0.03","0.17","-0.08","0.11","0","-0.21","-0.14","0.06","0","0","1.01","0","0","0","0","0","0","0","0","0","0","0","0","0","0","1",,"-0.08","0.11","0"
"2025-09-07T23:27:50.491000Z","77f5d946-13db-4fa3-b6a5-4bcc5c255130","-0.03","0.17","0.15","0.25","0","-0.2","-0.14","0.03","0","0","1.01","0","0","0","0","0","0","0","0","0","0","0","0","0","0","1",,"0.15","0.25","0"
"2025-09-07T23:27:50.497000Z","77f5d946-13db-4fa3-b6a5-4bcc5c255130","-0.02","0.17","0.14","0.08","0","-0.18","-0.17","0.05","0","0","1.01","0","0","0","0","0","0","0","0","0","0","0","0","0","0","1",,"0.14","0.08","0"
"2025-09-07T23:27:50.539000Z","77f5d946-13db-4fa3-b6a5-4bcc5c255130","-0.01","0.17","0","0.19","0","-0.18","-0.15","0.05","0","0","1.01","0","0","0","0","0","0","0","0","0","0","0","0","0","0","1",,"0","0.19","0"
"2025-09-07T23:27:50.559000Z","77f5d946-13db-4fa3-b6a5-4bcc5c255130","0","0.17","0.11","0.21","0","-0.17","-0.15","0.05","0","0","1.01","0","0","0","0","0","0","0","0","0","0","0","0","0","0","1",,"0.11","0.21","0"
"2025-09-07T23:27:50.566000Z","77f5d946-13db-4fa3-b6a5-4bcc5c255130","0","0.17","-0.03","0.17","0","-0.12","-0.14","0.03","0","0","1.01","0","0","0","0","0","0","0","0","0","0","0","0","0","0","1",,"-0.03","0.17","0"
"2025-09-07T23:27:50.586000Z","77f5d946-13db-4fa3-b6a5-4bcc5c255130","0","0.17","-0.1","0.17","0","-0.12","-0.09","0.03","0","0","1.01","0","0","0","0","0","0","0","0","0","0","0","0","0","0","1",,"-0.1","0.17","0"
"2025-09-07T23:27:50.608000Z","77f5d946-13db-4fa3-b6a5-4bcc5c255130","0","0.17","0.03","0.25","0","-0.11","-0.08","0.06","0","0","1.01","0","0","0","0","0","0","0","0","0","0","0","0","0","0","1",,"0.03","0.25","0"
"2025-09-07T23:27:50.631000Z","77f5d946-13db-4fa3-b6a5-4bcc5c255130","-0.01","0.17","-0.21","0.08","0","-0.18","-0.08","0.06","0","0","1.01","0","0","0","0","0","0","0","0","0","0","0","0","0","0","1",,"-0.21","0.08","0"
"2025-09-07T23:27:50.653000Z","77f5d946-13db-4fa3-b6a5-4bcc5c255130","-0.02","0.17","-0.13","0.19","0","-0.23","-0.15","0.08","0","0","1.01","0","0","0","0","0","0","0","0","0","0","0","0","0","0","1",,"-0.13","0.19","0"
"2025-09-07T23:27:50.674000Z","77f5d946-13db-4fa3-b6a5-4bcc5c255130","-0.03","0.17","-0.04","0.11","0","-0.21","-0.15","-0.02","0","0","1.01","0","0","0","0","0","0","0","0","0","0","0","0","0","0","1",,"-0.04","0.11","0"
"2025-09-07T23:27:50.705000Z","77f5d946-13db-4fa3-b6a5-4bcc5c255130","-0.03","0.17","-0.06","0.17","0","-0.23","-0.12","0.06","0","0","1.01","0","0","0","0","0","0","0","0","0","0","0","0","0","0","1",,"-0.06","0.17","0"
"2025-09-07T23:27:50.717000Z","77f5d946-13db-4fa3-b6a5-4bcc5c255130","-0.02","0.17","0.15","0.19","0","-0.2","-0.11","0.03","0","0","1.01","0","0","0","0","0","0","0","0","0","0","0","0","0","0","1",,"0.15","0.19","0"
"2025-09-07T23:27:50.738000Z","77f5d946-13db-4fa3-b6a5-4bcc5c255130","-0.01","0.16","0.06","0.08","0","-0.15","-0.11","0.03","0","0","1.01","0","0","0","0","0","0","0","0","0","0","0","0","0","0","1",,"0.06","0.08","0"
"2025-09-07T23:27:50.758000Z","77f5d946-13db-4fa3-b6a5-4bcc5c255130","0","0.16","0.15","0.22","0","-0.14","-0.11","0.05","0","0","1.01","0","0","0","0","0","0","0","0","0","0","0","0","0","0","1",,"0.15","0.22","0"
"2025-09-07T23:27:50.787000Z","77f5d946-13db-4fa3-b6a5-4bcc5c255130","0.01","0.16","0.11","0.12","0","-0.14","-0.06","0.03","0","0","1.01","0","0","0","0","0","0","0","0","0","0","0","0","0","0","1",,"0.11","0.12","0"
"2025-09-07T23:27:50.807000Z","77f5d946-13db-4fa3-b6a5-4bcc5c255130","0.01","0.16","0","0.3","0","-0.14","-0.09","0.06","-0.01","0","1.01","0","0","0","0","0","0","0","0","0","0","0","0","0","0","1",,"0","0.3","0"
"2025-09-07T23:27:50.830000Z","77f5d946-13db-4fa3-b6a5-4bcc5c255130","0.01","0.16","0.07","0.1","0","-0.23","-0.12","0.05","0","0","1.01","0","0","0","0","0","0","0","0","0","0","0","0","0","0","1",,"0.07","0.1","0"
"2025-09-07T23:27:50.851000Z","77f5d946-13db-4fa3-b6a5-4bcc5c255130","0.01","0.16","-0.17","0.15","0","-0.18","-0.14","0.03","0","0","1.01","0","0","0","0","0","0","0","0","0","0","0","0","0","0","1",,"-0.17","0.15","0"
"2025-09-07T23:27:50.877000Z","77f5d946-13db-4fa3-b6a5-4bcc5c255130","0","0.16","-0.11","0.14","0","-0.26","-0.14","0.02","0","0","1.01","0","0","0","0","0","0","0","0","0","0","0","0","0","0","1",,"-0.11","0.14","0"
"2025-09-07T23:27:50.892000Z","77f5d946-13db-4fa3-b6a5-4bcc5c255130","-0.01","0.16","-0.07","0.12","0","-0.24","-0.12","0.03","0","0","1.01","0","0","0","0","0","0","0","0","0","0","0","0","0","0","1",,"-0.07","0.12","0"
"2025-09-07T23:27:50.908000Z","77f5d946-13db-4fa3-b6a5-4bcc5c255130","-0.01","0.16","-0.04","0.06","0","-0.24","-0.11","0.03","0","0","1.01","0","0","0","0","0","0","0","0","0","0","0","0","0","0","1",,"-0.04","0.06","0"
"2025-09-07T23:27:50.933000Z","77f5d946-13db-4fa3-b6a5-4bcc5c255130","-0.02","0.16","0.06","0.22","0","-0.11","-0.14","0.03","0","0","1.01","0","0","0","0","0","0","0","0","0","0","0","0","0","0","1",,"0.06","0.22","0"
"2025-09-07T23:27:50.960000Z","77f5d946-13db-4fa3-b6a5-4bcc5c255130","-0.01","0.15","-0.06","0.1","0","-0.17","-0.12","0.03","0","0","1.01","0","0","0","0","0","0","0","0","0","0","0","0","0","0","1",,"-0.06","0.1","0"
"2025-09-07T23:27:50.970000Z","77f5d946-13db-4fa3-b6a5-4bcc5c255130","0","0.16","0.1","0.15","0","-0.09","-0.11","0.09","0","0","1.01","0","0","0","0","0","0","0","0","0","0","0","0","0","0","1",,"0.1","0.15","0"
"2025-09-07T23:27:50.994000Z","77f5d946-13db-4fa3-b6a5-4bcc5c255130","0","0.15","0.03","0.14","0","-0.17","-0.12","0","0","0","1.01","0","0","0","0","0","0","0","0","0","0","0","0","0","0","1",,"0.03","0.14","0"
"2025-09-07T23:27:51.017000Z","77f5d946-13db-4fa3-b6a5-4bcc5c255130","0","0.15","-0.08","0.08","0","-0.17","-0.09","0.05","0","0","1.01","0","0","0","0","0","0","0","0","0","0","0","0","0","0","1",,"-0.08","0.08","0"
"2025-09-07T23:27:51.039000Z","77f5d946-13db-4fa3-b6a5-4bcc5c255130","0","0.15","0.11","0.18","0","-0.2","-0.08","0.09","0","0","1.01","0","0","0","0","0","0","0","0","0","0","0","0","0","0","1",,"0.11","0.18","0"
"2025-09-07T23:27:51.058000Z","77f5d946-13db-4fa3-b6a5-4bcc5c255130","0","0.15","-0.04","0.12","0","-0.21","-0.17","0.05","0","0","1.01","0","0","0","0","0","0","0","0","0","0","0","0","0","0","1",,"-0.04","0.12","0"
"2025-09-07T23:27:51.086000Z","77f5d946-13db-4fa3-b6a5-4bcc5c255130","0","0.15","-0.11","0.14","0","-0.23","-0.15","0.05","0","0","1.01","0","0","0","0","0","0","0","0","0","0","0","0","0","0","1",,"-0.11","0.14","0"
"2025-09-07T23:27:51.112000Z","77f5d946-13db-4fa3-b6a5-4bcc5c255130","-0.01","0.14","-0.07","0.03","0","-0.26","-0.15","0.03","0","0","1.01","0","0","0","0","0","0","0","0","0","0","0","0","0","0","1",,"-0.07","0.03","0"
"2025-09-07T23:27:51.133000Z","77f5d946-13db-4fa3-b6a5-4bcc5c255130","-0.03","0.14","-0.21","0.17","0","-0.17","-0.09","0.05","0","0","1.01","0","0","0","0","0","0","0","0","0","0","0","0","0","0","1",,"-0.21","0.17","0"
"2025-09-07T23:27:51.146000Z","77f5d946-13db-4fa3-b6a5-4bcc5c255130","-0.04","0.14","-0.17","0.08","0","-0.21","-0.12","0.05","0","0","1.01","0","0","0","0","0","0","0","0","0","0","0","0","0","0","1",,"-0.17","0.08","0"
"2025-09-07T23:27:51.165000Z","77f5d946-13db-4fa3-b6a5-4bcc5c255130","-0.04","0.14","0","0.17","0","-0.2","-0.15","0.08","0","0","1.01","0","0","0","0","0","0","0","0","0","0","0","0","0","0","1",,"0","0.17","0"
"2025-09-07T23:27:51.209000Z","77f5d946-13db-4fa3-b6a5-4bcc5c255130","-0.03","0.13","0","0.06","0","-0.11","-0.11","0.05","0","0","1.01","0","0","0","0","0","0","0","0","0","0","0","0","0","0","1",,"0","0.06","0"
"2025-09-07T23:27:51.214000Z","77f5d946-13db-4fa3-b6a5-4bcc5c255130","-0.02","0.13","0.18","0.14","0","-0.15","-0.09","0.08","0","0","1.01","0","0","0","0","0","0","0","0","0","0","0","0","0","0","1",,"0.18","0.14","0"
"2025-09-07T23:27:51.237000Z","77f5d946-13db-4fa3-b6a5-4bcc5c255130","-0.02","0.13","0.15","0.18","0","-0.17","0","0.03","0","0","1.01","0","0","0","0","0","0","0","0","0","0","0","0","0","0","1",,"0.15","0.18","0"
"2025-09-07T23:27:51.259000Z","77f5d946-13db-4fa3-b6a5-4bcc5c255130","-0.01","0.14","0.1","0.17","0","-0.15","-0.06","0.03","0","0","1.01","0","0","0","0","0","0","0","0","0","0","0","0","0","0","1",,"0.1","0.17","0"
"2025-09-07T23:27:51.282000Z","77f5d946-13db-4fa3-b6a5-4bcc5c255130","0","0.13","0.1","0.18","0","-0.15","0","0.03","0","0","1.01","0","0","0","0","0","0","0","0","0","0","0","0","0","0","1",,"0.1","0.18","0"
"2025-09-07T23:27:51.296000Z","77f5d946-13db-4fa3-b6a5-4bcc5c255130","0","0.14","-0.12","0.17","0","-0.18","-0.05","0.02","0","0","1.01","0","0","0","0","0","0","0","0","0","0","0","0","0","0","1",,"-0.12","0.17","0"
"2025-09-07T23:27:51.324000Z","77f5d946-13db-4fa3-b6a5-4bcc5c255130","-0.01","0.14","-0.17","0.25","0","-0.12","-0.09","0.08","0","0","1.01","0","0","0","0","0","0","0","0","0","0","0","0","0","0","1",,"-0.17","0.25","0"
"2025-09-07T23:27:51.358000Z","77f5d946-13db-4fa3-b6a5-4bcc5c255130","-0.02","0.14","-0.06","0.11","0","-0.17","-0.11","-0.02","0","0","1.01","0","0","0","0","0","0","0","0","0","0","0","0","0","0","1",,"-0.06","0.11","0"
"2025-09-07T23:27:51.370000Z","77f5d946-13db-4fa3-b6a5-4bcc5c255130","-0.03","0.14","-0.25","0.08","0","-0.14","-0.14","0.03","0","0","1.01","0","0","0","0","0","0","0","0","0","0","0","0","0","0","1",,"-0.25","0.08","0"
"2025-09-07T23:27:51.388000Z","77f5d946-13db-4fa3-b6a5-4bcc5c255130","-0.04","0.14","-0.04","0.24","0","-0.17","-0.18","0.05","0","0","1.01","0","0","0","0","0","0","0","0","0","0","0","0","0","0","1",,"-0.04","0.24","0"
"2025-09-07T23:27:51.420000Z","77f5d946-13db-4fa3-b6a5-4bcc5c255130","-0.04","0.14","-0.15","0.15","0","-0.17","-0.18","0.05","0","0","1.01","0","0","0","0","0","0","0","0","0","0","0","0","0","0","1",,"-0.15","0.15","0"
"2025-09-07T23:27:51.431000Z","77f5d946-13db-4fa3-b6a5-4bcc5c255130","-0.04","0.14","0.03","0.21","0","-0.14","-0.14","0.03","0","0","1.01","0","0","0","0","0","0","0","0","0","0","0","0","0","0","1",,"0.03","0.21","0"
"2025-09-07T23:27:51.453000Z","77f5d946-13db-4fa3-b6a5-4bcc5c255130","-0.02","0.14","0.24","0.14","0","-0.17","-0.09","0.06","0","0","1.01","0","0","0","0","0","0","0","0","0","0","0","0","0","0","1",,"0.24","0.14","0"
"2025-09-07T23:27:51.478000Z","77f5d946-13db-4fa3-b6a5-4bcc5c255130","-0.02","0.14","0.01","0.08","0","-0.2","-0.06","0.05","0","0","1.01","0","0","0","0","0","0","0","0","0","0","0","0","0","0","1",,"0.01","0.08","0"
"2025-09-07T23:27:51.496000Z","77f5d946-13db-4fa3-b6a5-4bcc5c255130","0","0.14","0.18","0.14","0","-0.15","-0.09","0.06","0","0","1.01","0","0","0","0","0","0","0","0","0","0","0","0","0","0","1",,"0.18","0.14","0"
"2025-09-07T23:27:51.525000Z","77f5d946-13db-4fa3-b6a5-4bcc5c255130","0","0.14","0","0.19","0","-0.18","-0.08","0.05","0","0","1.01","0","0","0","0","0","0","0","0","0","0","0","0","0","0","1",,"0","0.19","0"
"2025-09-07T23:27:51.543000Z","77f5d946-13db-4fa3-b6a5-4bcc5c255130","0","0.15","-0.21","0.17","0","-0.2","-0.11","0.06","0","0","1.01","0","0","0","0","0","0","0","0","0","0","0","0","0","0","1",,"-0.21","0.17","0"
"2025-09-07T23:27:51.569000Z","77f5d946-13db-4fa3-b6a5-4bcc5c255130","-0.01","0.15","0.1","0.25","0","-0.17","-0.06","0.06","0","0","1.01","0","0","0","0","0","0","0","0","0","0","0","0","0","0","1",,"0.1","0.25","0"
"2025-09-07T23:27:51.583000Z","77f5d946-13db-4fa3-b6a5-4bcc5c255130","-0.02","0.15","-0.25","0.07","0","-0.23","-0.11","0.03","0","0","1.01","0","0","0","0","0","0","0","0","0","0","0","0","0","0","1",,"-0.25","0.07","0"
"2025-09-07T23:27:51.603000Z","77f5d946-13db-4fa3-b6a5-4bcc5c255130","-0.02","0.16","-0.08","0.3","0","-0.15","-0.17","0.05","-0.01","0","1.01","0","0","0","0","0","0","0","0","0","0","0","0","0","0","1",,"-0.08","0.3","0"
"2025-09-07T23:27:51.629000Z","77f5d946-13db-4fa3-b6a5-4bcc5c255130","-0.02","0.16","0.11","0.15","0","-0.21","-0.14","0","0","0","1.01","0","0","0","0","0","0","0","0","0","0","0","0","0","0","1",,"0.11","0.15","0"
"2025-09-07T23:27:51.654000Z","77f5d946-13db-4fa3-b6a5-4bcc5c255130","-0.02","0.16","-0.04","0.11","0","-0.15","-0.18","0.03","0","0","1.01","0","0","0","0","0","0","0","0","0","0","0","0","0","0","1",,"-0.04","0.11","0"
"2025-09-07T23:27:51.676000Z","77f5d946-13db-4fa3-b6a5-4bcc5c255130","-0.01","0.15","0.18","0.18","0","-0.18","-0.09","0.03","0","0","1.01","0","0","0","0","0","0","0","0","0","0","0","0","0","0","1",,"0.18","0.18","0"
"2025-09-07T23:27:51.695000Z","77f5d946-13db-4fa3-b6a5-4bcc5c255130","-0.01","0.15","0.11","0.03","0","-0.2","-0.12","0.03","0","0","1.01","0","0","0","0","0","0","0","0","0","0","0","0","0","0","1",,"0.11","0.03","0"
"2025-09-07T23:27:51.714000Z","77f5d946-13db-4fa3-b6a5-4bcc5c255130","0","0.15","0.01","0.19","0","-0.18","-0.11","0.06","0","0","1.01","0","0","0","0","0","0","0","0","0","0","0","0","0","0","1",,"0.01","0.19","0"
"2025-09-07T23:27:51.741000Z","77f5d946-13db-4fa3-b6a5-4bcc5c255130","0","0.15","0.04","0.14","0","-0.17","-0.09","0.02","0","0","1.01","0","0","0","0","0","0","0","0","0","0","0","0","0","0","1",,"0.04","0.14","0"
"2025-09-07T23:27:51.765000Z","77f5d946-13db-4fa3-b6a5-4bcc5c255130","0","0.15","-0.11","0.15","0","-0.18","-0.12","0.03","0","0","1.01","0","0","0","0","0","0","0","0","0","0","0","0","0","0","1",,"-0.11","0.15","0"
"2025-09-07T23:27:51.777000Z","77f5d946-13db-4fa3-b6a5-4bcc5c255130","0","0.15","0.04","0.03","0","-0.17","-0.06","0.08","0","0","1.01","0","0","0","0","0","0","0","0","0","0","0","0","0","0","1",,"0.04","0.03","0"
"2025-09-07T23:27:51.798000Z","77f5d946-13db-4fa3-b6a5-4bcc5c255130","-0.01","0.15","-0.18","0.17","0","-0.11","-0.05","0.05","0","0","1.01","0","0","0","0","0","0","0","0","0","0","0","0","0","0","1",,"-0.18","0.17","0"
"2025-09-07T23:27:51.836000Z","77f5d946-13db-4fa3-b6a5-4bcc5c255130","-0.01","0.15","-0.08","0.19","0","-0.21","-0.14","0.06","0","0","1.01","0","0","0","0","0","0","0","0","0","0","0","0","0","0","1",,"-0.08","0.19","0"
"2025-09-07T23:27:51.838000Z","77f5d946-13db-4fa3-b6a5-4bcc5c255130","-0.02","0.15","-0.07","0.24","0","-0.17","-0.17","0.06","0","0","1.01","0","0","0","0","0","0","0","0","0","0","0","0","0","0","1",,"-0.07","0.24","0"
"2025-09-07T23:27:51.860000Z","77f5d946-13db-4fa3-b6a5-4bcc5c255130","-0.02","0.15","-0.14","0.07","0","-0.2","-0.18","0.05","0","0","1.01","0","0","0","0","0","0","0","0","0","0","0","0","0","0","1",,"-0.14","0.07","0"
"2025-09-07T23:27:51.882000Z","77f5d946-13db-4fa3-b6a5-4bcc5c255130","-0.02","0.15","0.08","0.21","0","-0.18","-0.15","0.08","0","0","1.01","0","0","0","0","0","0","0","0","0","0","0","0","0","0","1",,"0.08","0.21","0"
"2025-09-07T23:27:51.902000Z","77f5d946-13db-4fa3-b6a5-4bcc5c255130","-0.02","0.15","0.01","0.15","0","-0.21","-0.12","0.06","0","0","1.01","0","0","0","0","0","0","0","0","0","0","0","0","0","0","1",,"0.01","0.15","0"
"2025-09-07T23:27:51.931000Z","77f5d946-13db-4fa3-b6a5-4bcc5c255130","0","0.16","0.12","0.26","0","-0.14","-0.09","0.06","0","0","1.01","0","0","0","0","0","0","0","0","0","0","0","0","0","0","1",,"0.12","0.26","0"
"2025-09-07T23:27:51.947000Z","77f5d946-13db-4fa3-b6a5-4bcc5c255130","-0.01","0.16","0.01","0.14","0","-0.17","-0.11","0.02","0","0","1.01","0","0","0","0","0","0","0","0","0","0","0","0","0","0","1",,"0.01","0.14","0"
"2025-09-07T23:27:51.967000Z","77f5d946-13db-4fa3-b6a5-4bcc5c255130","-0.01","0.17","-0.12","0.24","0","-0.18","-0.14","0.09","0","0","1.01","0","0","0","0","0","0","0","0","0","0","0","0","0","0","1",,"-0.12","0.24","0"
"2025-09-07T23:27:51.986000Z","77f5d946-13db-4fa3-b6a5-4bcc5c255130","-0.01","0.17","0.01","0.21","0","-0.18","-0.14","0.03","0","0","1.01","0","0","0","0","0","0","0","0","0","0","0","0","0","0","1",,"0.01","0.21","0"
"2025-09-07T23:27:52.021000Z","77f5d946-13db-4fa3-b6a5-4bcc5c255130","-0.01","0.17","-0.11","0.19","0","-0.12","-0.12","0.08","0","0","1.01","0","0","0","0","0","0","0","0","0","0","0","0","0","0","1",,"-0.11","0.19","0"
"2025-09-07T23:27:52.033000Z","77f5d946-13db-4fa3-b6a5-4bcc5c255130","-0.01","0.17","-0.06","0.15","0","-0.15","-0.09","0.05","0","0","1.01","0","0","0","0","0","0","0","0","0","0","0","0","0","0","1",,"-0.06","0.15","0"
"2025-09-07T23:27:52.054000Z","77f5d946-13db-4fa3-b6a5-4bcc5c255130","-0.02","0.17","-0.03","0.11","0","-0.14","-0.14","0.05","0","0","1.01","0","0","0","0","0","0","0","0","0","0","0","0","0","0","1",,"-0.03","0.11","0"
"2025-09-07T23:27:52.074000Z","77f5d946-13db-4fa3-b6a5-4bcc5c255130","-0.02","0.18","-0.07","0.33","0","-0.12","-0.09","0.06","-0.01","0","1.01","0","0","0","0","0","0","0","0","0","0","0","0","0","0","1",,"-0.07","0.33","0"
"2025-09-07T23:27:52.098000Z","77f5d946-13db-4fa3-b6a5-4bcc5c255130","-0.02","0.18","0.03","0.13","0","-0.17","-0.14","0.06","0","0","1.01","0","0","0","0","0","0","0","0","0","0","0","0","0","0","1",,"0.03","0.13","0"
"2025-09-07T23:27:52.128000Z","77f5d946-13db-4fa3-b6a5-4bcc5c255130","-0.02","0.18","0.03","0.25","0","-0.17","-0.15","0.03","0","0","1.01","0","0","0","0","0","0","0","0","0","0","0","0","0","0","1",,"0.03","0.25","0"
"2025-09-07T23:27:52.140000Z","77f5d946-13db-4fa3-b6a5-4bcc5c255130","-0.01","0.18","0.06","0.12","0","-0.23","-0.14","0.05","0","0","1.01","0","0","0","0","0","0","0","0","0","0","0","0","0","0","1",,"0.06","0.12","0"
"2025-09-07T23:27:52.163000Z","77f5d946-13db-4fa3-b6a5-4bcc5c255130","0","0.18","0.19","0.22","0","-0.17","-0.12","0.06","0","0","1.01","0","0","0","0","0","0","0","0","0","0","0","0","0","0","1",,"0.19","0.22","0"
"2025-09-07T23:27:52.181000Z","77f5d946-13db-4fa3-b6a5-4bcc5c255130","0.01","0.18","0.01","0.11","0","-0.17","-0.09","0.03","0","0","1.01","0","0","0","0","0","0","0","0","0","0","0","0","0","0","1",,"0.01","0.11","0"
"2025-09-07T23:27:52.204000Z","77f5d946-13db-4fa3-b6a5-4bcc5c255130","0.01","0.18","-0.1","0.14","0","-0.14","-0.12","0.08","0","0","1.01","0","0","0","0","0","0","0","0","0","0","0","0","0","0","1",,"-0.1","0.14","0"
"2025-09-07T23:27:52.227000Z","77f5d946-13db-4fa3-b6a5-4bcc5c255130","0","0.18","-0.08","0.21","0","-0.2","-0.14","0.02","0","0","1.01","0","0","0","0","0","0","0","0","0","0","0","0","0","0","1",,"-0.08","0.21","0"
"2025-09-07T23:27:52.247000Z","77f5d946-13db-4fa3-b6a5-4bcc5c255130","0","0.18","-0.1","0.22","0","-0.17","-0.11","0.02","0","0","1.01","0","0","0","0","0","0","0","0","0","0","0","0","0","0","1",,"-0.1","0.22","0"
"2025-09-07T23:27:52.264000Z","77f5d946-13db-4fa3-b6a5-4bcc5c255130","-0.01","0.18","0.01","0.19","0","-0.17","-0.09","0.02","0","0","1.01","0","0","0","0","0","0","0","0","0","0","0","0","0","0","1",,"0.01","0.19","0"
"2025-09-07T23:27:52.282000Z","77f5d946-13db-4fa3-b6a5-4bcc5c255130","-0.01","0.17","-0.17","0.08","0","-0.15","-0.11","0.05","0","0","1.01","0","0","0","0","0","0","0","0","0","0","0","0","0","0","1",,"-0.17","0.08","0"
"2025-09-07T23:27:52.301000Z","77f5d946-13db-4fa3-b6a5-4bcc5c255130","-0.02","0.17","0.01","0.15","0","-0.21","-0.15","0.03","0","0","1.01","0","0","0","0","0","0","0","0","0","0","0","0","0","0","1",,"0.01","0.15","0"
"2025-09-07T23:27:52.321000Z","77f5d946-13db-4fa3-b6a5-4bcc5c255130","-0.02","0.17","-0.1","0.14","0","-0.2","-0.17","0.06","0","0","1.01","0","0","0","0","0","0","0","0","0","0","0","0","0","0","1",,"-0.1","0.14","0"
"2025-09-07T23:27:52.347000Z","77f5d946-13db-4fa3-b6a5-4bcc5c255130","-0.02","0.17","0.03","0.11","0","-0.17","-0.12","0.02","0","0","1.01","0","0","0","0","0","0","0","0","0","0","0","0","0","0","1",,"0.03","0.11","0"
"2025-09-07T23:27:52.367000Z","77f5d946-13db-4fa3-b6a5-4bcc5c255130","-0.01","0.16","0.1","0.12","0","-0.18","-0.11","0.05","0","0","1.01","0","0","0","0","0","0","0","0","0","0","0","0","0","0","1",,"0.1","0.12","0"
"2025-09-07T23:27:52.392000Z","77f5d946-13db-4fa3-b6a5-4bcc5c255130","-0.01","0.16","-0.04","0.11","0","-0.14","-0.08","0.03","0","0","1.01","0","0","0","0","0","0","0","0","0","0","0","0","0","0","1",,"-0.04","0.11","0"
"2025-09-07T23:27:52.412000Z","77f5d946-13db-4fa3-b6a5-4bcc5c255130","0","0.16","0.06","0.17","0","-0.21","-0.11","0.08","0","0","1.01","0","0","0","0","0","0","0","0","0","0","0","0","0","0","1",,"0.06","0.17","0"
"2025-09-07T23:27:52.446000Z","77f5d946-13db-4fa3-b6a5-4bcc5c255130","-0.01","0.16","0.03","0.29","0","-0.18","-0.12","0.05","-0.01","0","1.01","0","0","0","0","0","0","0","0","0","0","0","0","0","0","1",,"0.03","0.29","0"
"2025-09-07T23:27:52.458000Z","77f5d946-13db-4fa3-b6a5-4bcc5c255130","-0.01","0.17","-0.19","0.12","0","-0.18","-0.09","0.06","0","0","1.01","0","0","0","0","0","0","0","0","0","0","0","0","0","0","1",,"-0.19","0.12","0"
"2025-09-07T23:27:52.479000Z","77f5d946-13db-4fa3-b6a5-4bcc5c255130","-0.01","0.17","0.03","0.21","0","-0.15","-0.03","0.08","0","0","1.01","0","0","0","0","0","0","0","0","0","0","0","0","0","0","1",,"0.03","0.21","0"
"2025-09-07T23:27:52.502000Z","77f5d946-13db-4fa3-b6a5-4bcc5c255130","-0.02","0.16","-0.07","-0.01","0","-0.15","-0.11","0.05","0","0","1.01","0","0","0","0","0","0","0","0","0","0","0","0","0","0","1",,"-0.07","-0.01","0"
"2025-09-07T23:27:52.526000Z","77f5d946-13db-4fa3-b6a5-4bcc5c255130","-0.02","0.16","-0.07","0.19","0","-0.18","-0.14","0.03","0","0","1.01","0","0","0","0","0","0","0","0","0","0","0","0","0","0","1",,"-0.07","0.19","0"
"2025-09-07T23:27:52.549000Z","77f5d946-13db-4fa3-b6a5-4bcc5c255130","-0.02","0.15","0.1","0.11","0","-0.17","-0.05","0.03","0","0","1.01","0","0","0","0","0","0","0","0","0","0","0","0","0","0","1",,"0.1","0.11","0"
"2025-09-07T23:27:52.574000Z","77f5d946-13db-4fa3-b6a5-4bcc5c255130","-0.02","0.15","-0.04","0.03","0","-0.18","-0.05","0.03","0","0","1.01","0","0","0","0","0","0","0","0","0","0","0","0","0","0","1",,"-0.04","0.03","0"
"2025-09-07T23:27:52.594000Z","77f5d946-13db-4fa3-b6a5-4bcc5c255130","-0.02","0.15","0.11","0.11","0","-0.23","-0.08","0.02","0","0","1.01","0","0","0","0","0","0","0","0","0","0","0","0","0","0","1",,"0.11","0.11","0"
"2025-09-07T23:27:52.615000Z","77f5d946-13db-4fa3-b6a5-4bcc5c255130","-0.02","0.15","0.01","0.18","0","-0.15","-0.08","0.03","0","0","1.01","0","0","0","0","0","0","0","0","0","0","0","0","0","0","1",,"0.01","0.18","0"
"2025-09-07T23:27:52.636000Z","77f5d946-13db-4fa3-b6a5-4bcc5c255130","-0.01","0.16","0.04","0.25","0","-0.18","-0.03","0.06","0","0","1.01","0","0","0","0","0","0","0","0","0","0","0","0","0","0","1",,"0.04","0.25","0"
"2025-09-07T23:27:52.654000Z","77f5d946-13db-4fa3-b6a5-4bcc5c255130","0","0.16","0.15","0.14","0","-0.14","-0.06","0.03","0","0","1.01","0","0","0","0","0","0","0","0","0","0","0","0","0","0","1",,"0.15","0.14","0"
"2025-09-07T23:27:52.682000Z","77f5d946-13db-4fa3-b6a5-4bcc5c255130","0","0.16","-0.19","0.1","0","-0.17","-0.09","0.03","0","0","1.01","0","0","0","0","0","0","0","0","0","0","0","0","0","0","1",,"-0.19","0.1","0"
"2025-09-07T23:27:52.694000Z","77f5d946-13db-4fa3-b6a5-4bcc5c255130","-0.01","0.15","0.04","0.17","0","-0.18","-0.12","0.06","0","0","1.01","0","0","0","0","0","0","0","0","0","0","0","0","0","0","1",,"0.04","0.17","0"
"2025-09-07T23:27:52.722000Z","77f5d946-13db-4fa3-b6a5-4bcc5c255130","-0.01","0.16","-0.08","0.21","0","-0.15","-0.12","0.02","0","0","1.01","0","0","0","0","0","0","0","0","0","0","0","0","0","0","1",,"-0.08","0.21","0"
"2025-09-07T23:27:52.740000Z","77f5d946-13db-4fa3-b6a5-4bcc5c255130","-0.02","0.16","-0.21","0.18","0","-0.18","-0.12","0","0","0","1.01","0","0","0","0","0","0","0","0","0","0","0","0","0","0","1",,"-0.21","0.18","0"
"2025-09-07T23:27:52.761000Z","77f5d946-13db-4fa3-b6a5-4bcc5c255130","-0.02","0.16","0.06","0.19","0","-0.18","-0.12","0.02","0","0","1.01","0","0","0","0","0","0","0","0","0","0","0","0","0","0","1",,"0.06","0.19","0"
"2025-09-07T23:27:52.781000Z","77f5d946-13db-4fa3-b6a5-4bcc5c255130","-0.02","0.15","-0.03","0.06","0","-0.23","-0.11","0.02","0","0","1.01","0","0","0","0","0","0","0","0","0","0","0","0","0","0","1",,"-0.03","0.06","0"
"2025-09-07T23:27:52.803000Z","77f5d946-13db-4fa3-b6a5-4bcc5c255130","-0.01","0.16","0.11","0.29","0","-0.21","-0.11","0.06","-0.01","0","1.01","0","0","0","0","0","0","0","0","0","0","0","0","0","0","1",,"0.11","0.29","0"
"2025-09-07T23:27:52.824000Z","77f5d946-13db-4fa3-b6a5-4bcc5c255130","-0.01","0.15","0.15","0.04","0","-0.18","-0.09","0","0","0","1.01","0","0","0","0","0","0","0","0","0","0","0","0","0","0","1",,"0.15","0.04","0"
"2025-09-07T23:27:52.852000Z","77f5d946-13db-4fa3-b6a5-4bcc5c255130","0","0.15","0.11","0.15","0","-0.21","-0.12","0.06","0","0","1.01","0","0","0","0","0","0","0","0","0","0","0","0","0","0","1",,"0.11","0.15","0"
"2025-09-07T23:27:52.864000Z","77f5d946-13db-4fa3-b6a5-4bcc5c255130","-0.01","0.15","0.08","0.17","0","-0.18","-0.08","0.03","0","0","1.01","0","0","0","0","0","0","0","0","0","0","0","0","0","0","1",,"0.08","0.17","0"
"2025-09-07T23:27:52.884000Z","77f5d946-13db-4fa3-b6a5-4bcc5c255130","-0.01","0.16","-0.19","0.19","0","-0.14","-0.09","0.08","0","0","1.01","0","0","0","0","0","0","0","0","0","0","0","0","0","0","1",,"-0.19","0.19","0"
"2025-09-07T23:27:52.904000Z","77f5d946-13db-4fa3-b6a5-4bcc5c255130","-0.01","0.15","0.14","0.17","0","-0.18","-0.11","0.03","0","0","1.01","0","0","0","0","0","0","0","0","0","0","0","0","0","0","1",,"0.14","0.17","0"
"2025-09-07T23:27:52.925000Z","77f5d946-13db-4fa3-b6a5-4bcc5c255130","-0.01","0.16","-0.14","0.17","0","-0.15","-0.12","0.03","0","0","1.01","0","0","0","0","0","0","0","0","0","0","0","0","0","0","1",,"-0.14","0.17","0"
"2025-09-07T23:27:52.956000Z","77f5d946-13db-4fa3-b6a5-4bcc5c255130","-0.01","0.15","0.03","0.15","0","-0.12","-0.09","0.05","0","0","1.01","0","0","0","0","0","0","0","0","0","0","0","0","0","0","1",,"0.03","0.15","0"
"2025-09-07T23:27:52.965000Z","77f5d946-13db-4fa3-b6a5-4bcc5c255130","-0.02","0.16","-0.1","0.14","0","-0.17","-0.12","0.05","0","0","1.01","0","0","0","0","0","0","0","0","0","0","0","0","0","0","1",,"-0.1","0.14","0"
"2025-09-07T23:27:52.986000Z","77f5d946-13db-4fa3-b6a5-4bcc5c255130","-0.01","0.15","-0.06","0.21","0","-0.17","-0.15","0","0","0","1.01","0","0","0","0","0","0","0","0","0","0","0","0","0","0","1",,"-0.06","0.21","0"
"2025-09-07T23:27:53.006000Z","77f5d946-13db-4fa3-b6a5-4bcc5c255130","-0.01","0.15","0.08","0.18","0","-0.18","-0.17","0.02","0","0","1.01","0","0","0","0","0","0","0","0","0","0","0","0","0","0","1",,"0.08","0.18","0"
"2025-09-07T23:27:53.062000Z","77f5d946-13db-4fa3-b6a5-4bcc5c255130","-0.02","0.15","-0.14","0.21","0","-0.23","-0.15","0","0","0","1.01","0","0","0","0","0","0","0","0","0","0","0","0","0","0","1",,"-0.14","0.21","0"
"2025-09-07T23:27:53.064000Z","77f5d946-13db-4fa3-b6a5-4bcc5c255130","-0.01","0.15","0.1","0.08","0","-0.23","-0.2","0.03","0","0","1.01","0","0","0","0","0","0","0","0","0","0","0","0","0","0","1",,"0.1","0.08","0"
"2025-09-07T23:27:53.070000Z","77f5d946-13db-4fa3-b6a5-4bcc5c255130","-0.01","0.14","0.08","0.1","0","-0.23","-0.14","0.03","0","0","1.01","0","0","0","0","0","0","0","0","0","0","0","0","0","0","1",,"0.08","0.1","0"
"2025-09-07T23:27:53.091000Z","77f5d946-13db-4fa3-b6a5-4bcc5c255130","-0.01","0.14","-0.01","0.12","0","-0.21","-0.17","0.02","0","0","1.01","0","0","0","0","0","0","0","0","0","0","0","0","0","0","1",,"-0.01","0.12","0"
"2025-09-07T23:27:53.131000Z","77f5d946-13db-4fa3-b6a5-4bcc5c255130","0","0.14","0.07","0.19","0","-0.15","-0.08","0.05","0","0","1.01","0","0","0","0","0","0","0","0","0","0","0","0","0","0","1",,"0.07","0.19","0"