t_s,raw,est,ref
0.0,0.12,0.13,0
0.016,0.19,0.14,0
0.046,0.11,0.13,0
0.06,0.14,0.14,0
0.082,0.18,0.13,0
0.105,0.17,0.14,0
0.125,0.29,0.14,0
0.143,0.03,0.14,0
0.165,0.3,0.15,0
0.189,0.04,0.14,0
0.217,0.12,0.14,0
0.237,0.21,0.14,0
0.261,0.21,0.15,0
0.279,0.29,0.16,0
0.298,0.19,0.16,0
0.323,0.15,0.16,0
0.35,0.19,0.16,0
0.367,0.22,0.16,0
0.387,0.11,0.17,0
0.411,0.19,0.16,0
0.435,0.08,0.16,0
0.468,0.19,0.16,0
0.475,0.11,0.15,0
0.496,0.19,0.16,0
0.529,0.32,0.16,0
0.548,0.12,0.17,0
0.571,0.28,0.17,0
0.59,0.11,0.17,0
0.614,0.06,0.17,0
0.632,0.17,0.16,0
0.654,0.19,0.16,0
0.684,0.14,0.16,0
0.7,0.19,0.17,0
0.719,0.12,0.17,0
0.741,0.21,0.17,0
0.772,0.3,0.18,0
0.784,0.15,0.18,0
0.805,0.21,0.18,0
0.828,0.07,0.18,0
0.851,0.15,0.17,0
0.887,0.08,0.16,0
0.891,0.1,0.16,0
0.916,0.08,0.15,0
0.938,0.19,0.16,0
0.959,0.25,0.16,0
0.981,0.1,0.16,0
1.005,0.31,0.16,0
1.026,0.0,0.16,0
1.051,0.18,0.16,0
1.069,0.0,0.15,0
1.092,0.12,0.14,0
1.11,-0.01,0.13,0
1.129,0.21,0.13,0
1.155,0.21,0.14,0
1.184,0.22,0.14,0
1.199,0.21,0.15,0
1.214,0.21,0.15,0
1.235,0.12,0.15,0
1.26,0.14,0.15,0
1.284,0.25,0.15,0
1.311,0.04,0.15,0
1.324,0.21,0.15,0
1.349,-0.07,0.14,0
1.366,0.26,0.14,0
1.392,0.15,0.14,0
1.413,0.14,0.15,0
1.437,0.28,0.15,0
1.464,0.11,0.15,0
1.484,0.22,0.15,0
1.508,0.18,0.15,0
1.533,0.21,0.16,0
1.553,0.08,0.15,0
1.571,0.15,0.15,0
1.6,0.08,0.15,0
1.617,0.22,0.15,0
1.639,0.15,0.15,0
1.657,0.18,0.15,0
1.678,0.24,0.15,0
1.7,0.06,0.15,0
1.724,0.19,0.15,0
1.744,0.12,0.14,0
1.776,0.14,0.15,0
1.796,0.06,0.14,0
1.811,0.04,0.13,0
1.848,0.17,0.13,0
1.851,0.19,0.14,0
1.884,0.24,0.14,0
1.904,0.04,0.14,0
1.917,0.24,0.14,0
1.936,0.04,0.14,0
1.962,0.18,0.13,0
1.986,0.08,0.13,0
2.006,0.19,0.13,0
2.025,0.08,0.13,0
2.048,0.19,0.14,0
2.066,0.19,0.14,0
2.093,0.25,0.14,0
2.11,0.1,0.15,0
2.155,0.19,0.15,0
2.156,0.04,0.14,0
2.172,0.15,0.14,0
2.199,0.15,0.14,0
2.217,0.03,0.14,0
2.24,0.3,0.14,0
2.27,0.07,0.14,0
2.283,0.29,0.15,0
2.308,0.08,0.15,0
2.324,0.28,0.16,0
2.359,0.18,0.16,0
2.401,0.06,0.16,0
2.402,0.11,0.15,0
2.426,0.18,0.16,0
2.454,0.14,0.16,0
2.46,0.17,0.16,0
2.479,0.21,0.16,0
2.526,0.17,0.16,0
2.527,0.17,0.16,0
2.572,0.1,0.15,0
2.577,0.17,0.16,0
2.601,0.06,0.15,0
2.62,0.11,0.15,0
2.649,0.22,0.15,0
2.657,0.0,0.15,0
2.681,0.21,0.15,0
2.702,0.12,0.14,0
2.748,0.21,0.15,0
2.749,0.19,0.15,0
2.777,0.19,0.15,0
2.784,0.12,0.15,0
2.808,0.1,0.15,0
2.826,0.06,0.14,0
2.855,0.21,0.14,0
2.881,0.1,0.14,0
2.888,0.19,0.15,0
2.931,0.1,0.14,0
2.935,0.08,0.14,0
2.958,0.21,0.14,0
2.986,0.17,0.14,0
2.998,0.19,0.14,0
3.038,0.14,0.14,0
3.039,0.18,0.14,0
3.06,0.04,0.13,0
3.081,0.19,0.14,0
3.107,0.04,0.13,0
3.133,0.18,0.13,0
3.143,0.08,0.13,0
3.17,0.21,0.13,0
3.187,0.1,0.12,0
3.218,0.06,0.13,0
3.233,0.1,0.12,0
3.246,0.19,0.13,0
3.271,0.22,0.13,0
3.293,0.14,0.13,0
3.312,0.15,0.13,0
3.334,0.04,0.13,0
3.357,0.21,0.13,0
3.379,0.24,0.13,0
3.396,0.14,0.14,0
3.417,0.11,0.13,0
3.442,0.47,0.15,0
3.466,0.04,0.15,0
3.484,0.18,0.15,0
3.505,0.17,0.15,0
3.538,0.29,0.16,0
3.555,0.07,0.15,0
3.572,-0.04,0.14,0
3.601,0.06,0.14,0
3.625,0.22,0.14,0
3.864,0.18,0.15,0
3.865,0.29,0.16,0
3.865,0.19,0.17,0
3.865,0.25,0.17,0
3.865,0.28,0.18,0
3.866,0.07,0.17,0
3.866,0.15,0.17,0
3.866,0.15,0.16,0
3.935,0.04,0.15,0
3.965,0.14,0.15,0
4.01,0.36,0.17,0
4.011,0.25,0.18,0
4.037,0.14,0.18,0
4.046,0.21,0.18,0
4.076,0.1,0.17,0
4.096,0.25,0.17,0
4.116,0.07,0.17,0
4.136,0.12,0.16,0
4.16,0.17,0.16,0
4.186,0.17,0.17,0
4.207,0.19,0.17,0
4.227,0.35,0.18,0
4.259,0.18,0.18,0
4.282,0.15,0.18,0
4.3,0.07,0.17,0
4.321,0.01,0.16,0
4.347,0.14,0.16,0
4.366,0.0,0.16,0
4.386,0.15,0.16,0
4.416,0.21,0.16,0
4.436,0.32,0.18,0
4.457,0.43,0.19,0
4.485,0.04,0.18,0
4.507,0.22,0.19,0
4.527,0.14,0.18,0
4.547,0.0,0.17,0
4.567,0.01,0.16,0
4.589,0.03,0.15,0
4.617,0.15,0.15,0
4.632,0.21,0.16,0
4.657,0.28,0.16,0
4.681,0.19,0.17,0
4.697,0.33,0.18,0
4.727,0.21,0.18,0
4.737,0.28,0.18,0
4.758,-0.04,0.17,0
4.777,0.21,0.17,0
4.807,-0.06,0.15,0
4.83,0.07,0.15,0
4.859,0.24,0.15,0
4.867,0.12,0.15,0
4.888,0.24,0.16,0
4.927,0.19,0.16,0
4.928,0.22,0.17,0
4.958,0.21,0.17,0
5.004,0.22,0.17,0
5.005,0.07,0.16,0
5.053,0.07,0.16,0
5.058,0.14,0.15,0
5.081,0.03,0.15,0
5.099,0.24,0.15,0
5.099,0.29,0.16,0
5.099,0.12,0.15,0
5.101,0.22,0.17,0
5.118,0.19,0.17,0
5.137,0.11,0.16,0
5.163,0.22,0.17,0
5.182,0.07,0.16,0
5.204,0.04,0.15,0
5.227,0.14,0.15,0
5.246,0.11,0.15,0
5.283,0.25,0.16,0
5.296,0.04,0.16,0
5.312,0.3,0.16,0
5.336,0.12,0.16,0
5.367,0.26,0.16,0
5.379,0.12,0.16,0
5.414,0.04,0.15,0
5.431,0.18,0.15,0
5.451,0.26,0.16,0
5.468,0.22,0.16,0
5.501,0.17,0.16,0
5.522,0.18,0.16,0
5.534,0.1,0.16,0
5.553,0.39,0.17,0
5.599,0.11,0.17,0
5.6,0.19,0.17,0
5.632,0.22,0.17,0
5.642,0.11,0.17,0
5.68,0.25,0.17,0
5.686,0.08,0.17,0
5.728,0.19,0.17,0
5.748,0.21,0.17,0
5.755,0.17,0.17,0
5.775,0.17,0.17,0
5.797,0.25,0.17,0
5.82,0.08,0.17,0
5.842,0.19,0.17,0
5.863,0.11,0.17,0
5.894,0.17,0.17,0
5.906,0.19,0.17,0
5.927,0.08,0.16,0
5.947,0.22,0.16,0
5.976,0.12,0.16,0
5.996,0.3,0.16,0
6.019,0.1,0.16,0
6.04,0.15,0.16,0
6.066,0.14,0.16,0
6.081,0.12,0.16,0
6.097,0.06,0.16,0
6.122,0.22,0.16,0
6.149,0.1,0.15,0
6.159,0.15,0.16,0
6.183,0.14,0.15,0
6.206,0.08,0.15,0
6.228,0.18,0.15,0
6.247,0.12,0.15,0
6.275,0.14,0.15,0
6.301,0.03,0.14,0
6.322,0.17,0.14,0
6.335,0.08,0.14,0
6.354,0.17,0.14,0
6.398,0.06,0.13,0
6.403,0.14,0.13,0
6.426,0.18,0.13,0
6.448,0.17,0.14,0
6.471,0.18,0.13,0
6.485,0.17,0.14,0
6.513,0.25,0.14,0
6.547,0.11,0.14,0
6.559,0.08,0.14,0
6.577,0.24,0.14,0
6.609,0.15,0.14,0
6.62,0.21,0.14,0
6.642,0.14,0.14,0
6.667,0.08,0.14,0
6.685,0.14,0.14,0
6.714,0.19,0.14,0
6.732,0.17,0.15,0
6.758,0.25,0.15,0
6.772,0.07,0.15,0
6.792,0.3,0.16,0
6.818,0.15,0.16,0
6.843,0.11,0.16,0
6.865,0.18,0.15,0
6.884,0.03,0.15,0
6.903,0.19,0.15,0
6.93,0.14,0.15,0
6.954,0.15,0.15,0
6.966,0.03,0.15,0
6.987,0.17,0.15,0
7.025,0.19,0.15,0
7.027,0.24,0.15,0
7.049,0.07,0.15,0
7.071,0.21,0.15,0
7.091,0.15,0.15,0
7.12,0.26,0.16,0
7.136,0.14,0.16,0
7.156,0.24,0.17,0
7.175,0.21,0.17,0
7.21,0.19,0.17,0
7.222,0.15,0.17,0
7.243,0.11,0.17,0
7.263,0.33,0.18,0
7.287,0.13,0.18,0
7.317,0.25,0.18,0
7.329,0.12,0.18,0
7.352,0.22,0.18,0
7.37,0.11,0.18,0
7.393,0.14,0.18,0
7.416,0.21,0.18,0
7.436,0.22,0.18,0
7.453,0.19,0.18,0
7.471,0.08,0.17,0
7.49,0.15,0.17,0
7.51,0.14,0.17,0
7.536,0.11,0.17,0
7.556,0.12,0.16,0
7.581,0.11,0.16,0
7.601,0.17,0.16,0
7.635,0.29,0.16,0
7.647,0.12,0.17,0
7.668,0.21,0.17,0
7.691,-0.01,0.16,0
7.715,0.19,0.16,0
7.738,0.11,0.15,0
7.763,0.03,0.15,0
7.783,0.11,0.15,0
7.804,0.18,0.15,0
7.825,0.25,0.16,0
7.843,0.14,0.16,0
7.871,0.1,0.16,0
7.883,0.17,0.15,0
7.911,0.21,0.16,0
7.929,0.18,0.16,0
7.95,0.19,0.16,0
7.97,0.06,0.15,0
7.992,0.29,0.16,0
8.013,0.04,0.15,0
8.041,0.15,0.15,0
8.053,0.17,0.15,0
8.073,0.19,0.16,0
8.093,0.17,0.15,0
8.114,0.17,0.16,0
8.145,0.15,0.15,0
8.154,0.14,0.16,0
8.175,0.21,0.15,0
8.195,0.18,0.15,0
8.251,0.21,0.15,0
8.253,0.08,0.15,0
8.259,0.1,0.14,0
8.28,0.12,0.14,0
8.32,0.19,0.14,0
